id,text,category
1,The player scored a last minute goal,sports
2,The coach praised the defensive strategy,sports
3,The movie received excellent reviews from critics,entertainment
4,Cryptocurrency prices remain volatile,finance
5,The team won the championship in a thrilling match,sports
6,Streaming platforms are gaining popularity,entertainment
7,Streaming platforms are gaining popularity,entertainment
8,An intense rivalry game drew huge crowds,sports
9,Streaming platforms are gaining popularity,entertainment
10,New AI models are transforming industries,technology
11,The coach praised the defensive strategy,sports
12,A balanced diet is essential for wellbeing,health
13,A popular series released its latest season,entertainment
14,Cybersecurity threats are increasing rapidly,technology
15,The player scored a last minute goal,sports
16,The concert attracted thousands of fans,entertainment
17,A popular series released its latest season,entertainment
18,A popular series released its latest season,entertainment
19,The team won the championship in a thrilling match,sports
20,The software update improves performance,technology
21,An award ceremony recognized top talents,entertainment
22,Financial planning helps achieve long-term goals,finance
23,Mental health awareness is growing worldwide,health
24,Healthcare systems are adopting new technologies,health
25,Regular exercise improves overall health,health
26,Investors are cautious about inflation rates,finance
27,The movie received excellent reviews from critics,entertainment
28,Financial planning helps achieve long-term goals,finance
29,Mental health awareness is growing worldwide,health
30,Regular exercise improves overall health,health
31,An award ceremony recognized top talents,entertainment
32,An award ceremony recognized top talents,entertainment
33,The team won the championship in a thrilling match,sports
34,Cloud computing enables scalable solutions,technology
35,Financial planning helps achieve long-term goals,finance
36,New research shows benefits of meditation,health
37,Streaming platforms are gaining popularity,entertainment
38,Cloud computing enables scalable solutions,technology
39,The team won the championship in a thrilling match,sports
40,A popular series released its latest season,entertainment
41,Healthcare systems are adopting new technologies,health
42,Healthcare systems are adopting new technologies,health
43,An intense rivalry game drew huge crowds,sports
44,The team won the championship in a thrilling match,sports
45,Cybersecurity threats are increasing rapidly,technology
46,Mental health awareness is growing worldwide,health
47,A balanced diet is essential for wellbeing,health
48,Cloud computing enables scalable solutions,technology
49,The player scored a last minute goal,sports
50,The coach praised the defensive strategy,sports
51,New research shows benefits of meditation,health
52,Regular exercise improves overall health,health
53,Financial planning helps achieve long-term goals,finance
54,The startup launched an innovative app,technology
55,Stock markets showed significant growth today,finance
56,A popular series released its latest season,entertainment
57,Healthcare systems are adopting new technologies,health
58,New AI models are transforming industries,technology
59,Stock markets showed significant growth today,finance
60,New AI models are transforming industries,technology
61,A popular series released its latest season,entertainment
62,Stock markets showed significant growth today,finance
63,Healthcare systems are adopting new technologies,health
64,The movie received excellent reviews from critics,entertainment
65,The company reported strong quarterly earnings,finance
66,The coach praised the defensive strategy,sports
67,Healthcare systems are adopting new technologies,health
68,Regular exercise improves overall health,health
69,Financial planning helps achieve long-term goals,finance
70,The player scored a last minute goal,sports
71,New AI models are transforming industries,technology
72,A popular series released its latest season,entertainment
73,Stock markets showed significant growth today,finance
74,The team won the championship in a thrilling match,sports
75,A popular series released its latest season,entertainment
76,The player scored a last minute goal,sports
77,Stock markets showed significant growth today,finance
78,A balanced diet is essential for wellbeing,health
79,Investors are cautious about inflation rates,finance
80,Stock markets showed significant growth today,finance
81,Cloud computing enables scalable solutions,technology
82,The coach praised the defensive strategy,sports
83,The software update improves performance,technology
84,Regular exercise improves overall health,health
85,A balanced diet is essential for wellbeing,health
86,New AI models are transforming industries,technology
87,The coach praised the defensive strategy,sports
88,Regular exercise improves overall health,health
89,The company reported strong quarterly earnings,finance
90,The company reported strong quarterly earnings,finance
91,Cryptocurrency prices remain volatile,finance
92,The startup launched an innovative app,technology
93,Regular exercise improves overall health,health
94,Investors are cautious about inflation rates,finance
95,The player scored a last minute goal,sports
96,The coach praised the defensive strategy,sports
97,Financial planning helps achieve long-term goals,finance
98,Mental health awareness is growing worldwide,health
99,Healthcare systems are adopting new technologies,health
100,The startup launched an innovative app,technology
101,An intense rivalry game drew huge crowds,sports
102,A balanced diet is essential for wellbeing,health
103,A balanced diet is essential for wellbeing,health
104,New research shows benefits of meditation,health
105,New AI models are transforming industries,technology
106,Stock markets showed significant growth today,finance
107,The coach praised the defensive strategy,sports
108,Cryptocurrency prices remain volatile,finance
109,The team won the championship in a thrilling match,sports
110,Cybersecurity threats are increasing rapidly,technology
111,The company reported strong quarterly earnings,finance
112,The movie received excellent reviews from critics,entertainment
113,A balanced diet is essential for wellbeing,health
114,Cloud computing enables scalable solutions,technology
115,The startup launched an innovative app,technology
116,A balanced diet is essential for wellbeing,health
117,Mental health awareness is growing worldwide,health
118,A record-breaking performance in the tournament,sports
119,The software update improves performance,technology
120,Healthcare systems are adopting new technologies,health
121,Stock markets showed significant growth today,finance
122,The software update improves performance,technology
123,An award ceremony recognized top talents,entertainment
124,Cryptocurrency prices remain volatile,finance
125,The player scored a last minute goal,sports
126,Mental health awareness is growing worldwide,health
127,New research shows benefits of meditation,health
128,Stock markets showed significant growth today,finance
129,A record-breaking performance in the tournament,sports
130,The software update improves performance,technology
131,Stock markets showed significant growth today,finance
132,The company reported strong quarterly earnings,finance
133,The software update improves performance,technology
134,Cryptocurrency prices remain volatile,finance
135,The coach praised the defensive strategy,sports
136,A balanced diet is essential for wellbeing,health
137,The team won the championship in a thrilling match,sports
138,The team won the championship in a thrilling match,sports
139,New AI models are transforming industries,technology
140,New AI models are transforming industries,technology
141,The team won the championship in a thrilling match,sports
142,New research shows benefits of meditation,health
143,A popular series released its latest season,entertainment
144,Regular exercise improves overall health,health
145,Healthcare systems are adopting new technologies,health
146,A balanced diet is essential for wellbeing,health
147,An intense rivalry game drew huge crowds,sports
148,Stock markets showed significant growth today,finance
149,The software update improves performance,technology
150,Cybersecurity threats are increasing rapidly,technology
151,Financial planning helps achieve long-term goals,finance
152,A popular series released its latest season,entertainment
153,An award ceremony recognized top talents,entertainment
154,The coach praised the defensive strategy,sports
155,Regular exercise improves overall health,health
156,Healthcare systems are adopting new technologies,health
157,An intense rivalry game drew huge crowds,sports
158,Regular exercise improves overall health,health
159,The player scored a last minute goal,sports
160,Investors are cautious about inflation rates,finance
161,Cryptocurrency prices remain volatile,finance
162,Cybersecurity threats are increasing rapidly,technology
163,A balanced diet is essential for wellbeing,health
164,The coach praised the defensive strategy,sports
165,Streaming platforms are gaining popularity,entertainment
166,New research shows benefits of meditation,health
167,Healthcare systems are adopting new technologies,health
168,An award ceremony recognized top talents,entertainment
169,The company reported strong quarterly earnings,finance
170,A popular series released its latest season,entertainment
171,Cloud computing enables scalable solutions,technology
172,New research shows benefits of meditation,health
173,The team won the championship in a thrilling match,sports
174,Investors are cautious about inflation rates,finance
175,The concert attracted thousands of fans,entertainment
176,Stock markets showed significant growth today,finance
177,Mental health awareness is growing worldwide,health
178,A record-breaking performance in the tournament,sports
179,Cybersecurity threats are increasing rapidly,technology
180,The company reported strong quarterly earnings,finance
181,Healthcare systems are adopting new technologies,health
182,Cryptocurrency prices remain volatile,finance
183,Cloud computing enables scalable solutions,technology
184,An intense rivalry game drew huge crowds,sports
185,An intense rivalry game drew huge crowds,sports
186,A popular series released its latest season,entertainment
187,Investors are cautious about inflation rates,finance
188,Stock markets showed significant growth today,finance
189,The coach praised the defensive strategy,sports
190,The movie received excellent reviews from critics,entertainment
191,An award ceremony recognized top talents,entertainment
192,The company reported strong quarterly earnings,finance
193,The movie received excellent reviews from critics,entertainment
194,The coach praised the defensive strategy,sports
195,Cryptocurrency prices remain volatile,finance
196,An award ceremony recognized top talents,entertainment
197,Mental health awareness is growing worldwide,health
198,Stock markets showed significant growth today,finance
199,The startup launched an innovative app,technology
200,Cryptocurrency prices remain volatile,finance
201,Streaming platforms are gaining popularity,entertainment
202,An intense rivalry game drew huge crowds,sports
203,Regular exercise improves overall health,health
204,Regular exercise improves overall health,health
205,Cloud computing enables scalable solutions,technology
206,New AI models are transforming industries,technology
207,The company reported strong quarterly earnings,finance
208,Cryptocurrency prices remain volatile,finance
209,Investors are cautious about inflation rates,finance
210,A popular series released its latest season,entertainment
211,Cloud computing enables scalable solutions,technology
212,An intense rivalry game drew huge crowds,sports
213,Cryptocurrency prices remain volatile,finance
214,The concert attracted thousands of fans,entertainment
215,The movie received excellent reviews from critics,entertainment
216,Mental health awareness is growing worldwide,health
217,A popular series released its latest season,entertainment
218,Mental health awareness is growing worldwide,health
219,A popular series released its latest season,entertainment
220,Mental health awareness is growing worldwide,health
221,Stock markets showed significant growth today,finance
222,The company reported strong quarterly earnings,finance
223,New AI models are transforming industries,technology
224,New AI models are transforming industries,technology
225,Financial planning helps achieve long-term goals,finance
226,A popular series released its latest season,entertainment
227,The software update improves performance,technology
228,The company reported strong quarterly earnings,finance
229,The team won the championship in a thrilling match,sports
230,Healthcare systems are adopting new technologies,health
231,Streaming platforms are gaining popularity,entertainment
232,A popular series released its latest season,entertainment
233,Healthcare systems are adopting new technologies,health
234,Mental health awareness is growing worldwide,health
235,Streaming platforms are gaining popularity,entertainment
236,An intense rivalry game drew huge crowds,sports
237,Mental health awareness is growing worldwide,health
238,An intense rivalry game drew huge crowds,sports
239,Cryptocurrency prices remain volatile,finance
240,Cloud computing enables scalable solutions,technology
241,Cryptocurrency prices remain volatile,finance
242,Regular exercise improves overall health,health
243,An intense rivalry game drew huge crowds,sports
244,The company reported strong quarterly earnings,finance
245,New research shows benefits of meditation,health
246,A balanced diet is essential for wellbeing,health
247,The team won the championship in a thrilling match,sports
248,Cloud computing enables scalable solutions,technology
249,The player scored a last minute goal,sports
250,Cybersecurity threats are increasing rapidly,technology
251,A balanced diet is essential for wellbeing,health
252,Streaming platforms are gaining popularity,entertainment
253,Cloud computing enables scalable solutions,technology
254,Healthcare systems are adopting new technologies,health
255,Regular exercise improves overall health,health
256,Cybersecurity threats are increasing rapidly,technology
257,Regular exercise improves overall health,health
258,Stock markets showed significant growth today,finance
259,The movie received excellent reviews from critics,entertainment
260,Stock markets showed significant growth today,finance
261,Regular exercise improves overall health,health
262,Healthcare systems are adopting new technologies,health
263,The company reported strong quarterly earnings,finance
264,New AI models are transforming industries,technology
265,A balanced diet is essential for wellbeing,health
266,An intense rivalry game drew huge crowds,sports
267,Regular exercise improves overall health,health
268,The coach praised the defensive strategy,sports
269,Mental health awareness is growing worldwide,health
270,The concert attracted thousands of fans,entertainment
271,New AI models are transforming industries,technology
272,A balanced diet is essential for wellbeing,health
273,The movie received excellent reviews from critics,entertainment
274,Cryptocurrency prices remain volatile,finance
275,The software update improves performance,technology
276,A popular series released its latest season,entertainment
277,New research shows benefits of meditation,health
278,The company reported strong quarterly earnings,finance
279,The concert attracted thousands of fans,entertainment
280,The software update improves performance,technology
281,The startup launched an innovative app,technology
282,The movie received excellent reviews from critics,entertainment
283,Financial planning helps achieve long-term goals,finance
284,Financial planning helps achieve long-term goals,finance
285,Cryptocurrency prices remain volatile,finance
286,Healthcare systems are adopting new technologies,health
287,Streaming platforms are gaining popularity,entertainment
288,The concert attracted thousands of fans,entertainment
289,The player scored a last minute goal,sports
290,The concert attracted thousands of fans,entertainment
291,A record-breaking performance in the tournament,sports
292,Cybersecurity threats are increasing rapidly,technology
293,An intense rivalry game drew huge crowds,sports
294,An award ceremony recognized top talents,entertainment
295,The coach praised the defensive strategy,sports
296,An award ceremony recognized top talents,entertainment
297,Mental health awareness is growing worldwide,health
298,An intense rivalry game drew huge crowds,sports
299,The startup launched an innovative app,technology
300,Investors are cautious about inflation rates,finance
301,Cryptocurrency prices remain volatile,finance
302,Cybersecurity threats are increasing rapidly,technology
303,Cybersecurity threats are increasing rapidly,technology
304,A popular series released its latest season,entertainment
305,An intense rivalry game drew huge crowds,sports
306,The concert attracted thousands of fans,entertainment
307,Cryptocurrency prices remain volatile,finance
308,A popular series released its latest season,entertainment
309,New AI models are transforming industries,technology
310,Cybersecurity threats are increasing rapidly,technology
311,The company reported strong quarterly earnings,finance
312,The team won the championship in a thrilling match,sports
313,The company reported strong quarterly earnings,finance
314,Mental health awareness is growing worldwide,health
315,The movie received excellent reviews from critics,entertainment
316,The movie received excellent reviews from critics,entertainment
317,New research shows benefits of meditation,health
318,The startup launched an innovative app,technology
319,The player scored a last minute goal,sports
320,The team won the championship in a thrilling match,sports
321,Financial planning helps achieve long-term goals,finance
322,Financial planning helps achieve long-term goals,finance
323,Cybersecurity threats are increasing rapidly,technology
324,Cybersecurity threats are increasing rapidly,technology
325,The player scored a last minute goal,sports
326,Financial planning helps achieve long-term goals,finance
327,New AI models are transforming industries,technology
328,The player scored a last minute goal,sports
329,Financial planning helps achieve long-term goals,finance
330,Cybersecurity threats are increasing rapidly,technology
331,The movie received excellent reviews from critics,entertainment
332,An award ceremony recognized top talents,entertainment
333,Cybersecurity threats are increasing rapidly,technology
334,The startup launched an innovative app,technology
335,A popular series released its latest season,entertainment
336,The concert attracted thousands of fans,entertainment
337,New research shows benefits of meditation,health
338,A record-breaking performance in the tournament,sports
339,Investors are cautious about inflation rates,finance
340,A popular series released its latest season,entertainment
341,New AI models are transforming industries,technology
342,Mental health awareness is growing worldwide,health
343,Mental health awareness is growing worldwide,health
344,Stock markets showed significant growth today,finance
345,An intense rivalry game drew huge crowds,sports
346,Streaming platforms are gaining popularity,entertainment
347,A record-breaking performance in the tournament,sports
348,Regular exercise improves overall health,health
349,Regular exercise improves overall health,health
350,New AI models are transforming industries,technology
351,The company reported strong quarterly earnings,finance
352,Cryptocurrency prices remain volatile,finance
353,Stock markets showed significant growth today,finance
354,New research shows benefits of meditation,health
355,Cybersecurity threats are increasing rapidly,technology
356,An award ceremony recognized top talents,entertainment
357,The startup launched an innovative app,technology
358,A popular series released its latest season,entertainment
359,A popular series released its latest season,entertainment
360,The movie received excellent reviews from critics,entertainment
361,Cryptocurrency prices remain volatile,finance
362,An intense rivalry game drew huge crowds,sports
363,New AI models are transforming industries,technology
364,A popular series released its latest season,entertainment
365,The coach praised the defensive strategy,sports
366,The coach praised the defensive strategy,sports
367,The player scored a last minute goal,sports
368,Cryptocurrency prices remain volatile,finance
369,A record-breaking performance in the tournament,sports
370,New AI models are transforming industries,technology
371,Stock markets showed significant growth today,finance
372,Investors are cautious about inflation rates,finance
373,Financial planning helps achieve long-term goals,finance
374,An intense rivalry game drew huge crowds,sports
375,Stock markets showed significant growth today,finance
376,Healthcare systems are adopting new technologies,health
377,The startup launched an innovative app,technology
378,Cryptocurrency prices remain volatile,finance
379,The movie received excellent reviews from critics,entertainment
380,The movie received excellent reviews from critics,entertainment
381,A record-breaking performance in the tournament,sports
382,The team won the championship in a thrilling match,sports
383,The software update improves performance,technology
384,The movie received excellent reviews from critics,entertainment
385,A record-breaking performance in the tournament,sports
386,The movie received excellent reviews from critics,entertainment
387,An intense rivalry game drew huge crowds,sports
388,Investors are cautious about inflation rates,finance
389,The company reported strong quarterly earnings,finance
390,Mental health awareness is growing worldwide,health
391,An award ceremony recognized top talents,entertainment
392,The player scored a last minute goal,sports
393,Investors are cautious about inflation rates,finance
394,New research shows benefits of meditation,health
395,The company reported strong quarterly earnings,finance
396,A balanced diet is essential for wellbeing,health
397,New research shows benefits of meditation,health
398,The startup launched an innovative app,technology
399,Stock markets showed significant growth today,finance
400,The coach praised the defensive strategy,sports
401,Streaming platforms are gaining popularity,entertainment
402,The coach praised the defensive strategy,sports
403,A record-breaking performance in the tournament,sports
404,An award ceremony recognized top talents,entertainment
405,Cloud computing enables scalable solutions,technology
406,The movie received excellent reviews from critics,entertainment
407,Investors are cautious about inflation rates,finance
408,A record-breaking performance in the tournament,sports
409,An award ceremony recognized top talents,entertainment
410,Investors are cautious about inflation rates,finance
411,Streaming platforms are gaining popularity,entertainment
412,The player scored a last minute goal,sports
413,Cryptocurrency prices remain volatile,finance
414,New AI models are transforming industries,technology
415,Cloud computing enables scalable solutions,technology
416,Investors are cautious about inflation rates,finance
417,The coach praised the defensive strategy,sports
418,The movie received excellent reviews from critics,entertainment
419,The team won the championship in a thrilling match,sports
420,The concert attracted thousands of fans,entertainment
421,The coach praised the defensive strategy,sports
422,New AI models are transforming industries,technology
423,The software update improves performance,technology
424,The player scored a last minute goal,sports
425,Cybersecurity threats are increasing rapidly,technology
426,The coach praised the defensive strategy,sports
427,Regular exercise improves overall health,health
428,Regular exercise improves overall health,health
429,Mental health awareness is growing worldwide,health
430,A record-breaking performance in the tournament,sports
431,A popular series released its latest season,entertainment
432,Investors are cautious about inflation rates,finance
433,The team won the championship in a thrilling match,sports
434,The concert attracted thousands of fans,entertainment
435,A record-breaking performance in the tournament,sports
436,Cloud computing enables scalable solutions,technology
437,The movie received excellent reviews from critics,entertainment
438,Financial planning helps achieve long-term goals,finance
439,The company reported strong quarterly earnings,finance
440,The movie received excellent reviews from critics,entertainment
441,New research shows benefits of meditation,health
442,The movie received excellent reviews from critics,entertainment
443,Cybersecurity threats are increasing rapidly,technology
444,An award ceremony recognized top talents,entertainment
445,The team won the championship in a thrilling match,sports
446,The concert attracted thousands of fans,entertainment
447,An award ceremony recognized top talents,entertainment
448,A popular series released its latest season,entertainment
449,The player scored a last minute goal,sports
450,The concert attracted thousands of fans,entertainment
451,New AI models are transforming industries,technology
452,The team won the championship in a thrilling match,sports
453,A balanced diet is essential for wellbeing,health
454,The coach praised the defensive strategy,sports
455,The movie received excellent reviews from critics,entertainment
456,A popular series released its latest season,entertainment
457,An intense rivalry game drew huge crowds,sports
458,Mental health awareness is growing worldwide,health
459,Cloud computing enables scalable solutions,technology
460,A balanced diet is essential for wellbeing,health
461,Cryptocurrency prices remain volatile,finance
462,Financial planning helps achieve long-term goals,finance
463,Stock markets showed significant growth today,finance
464,The coach praised the defensive strategy,sports
465,Healthcare systems are adopting new technologies,health
466,Cybersecurity threats are increasing rapidly,technology
467,New research shows benefits of meditation,health
468,A popular series released its latest season,entertainment
469,Financial planning helps achieve long-term goals,finance
470,A record-breaking performance in the tournament,sports
471,A balanced diet is essential for wellbeing,health
472,Cryptocurrency prices remain volatile,finance
473,Cybersecurity threats are increasing rapidly,technology
474,New AI models are transforming industries,technology
475,An award ceremony recognized top talents,entertainment
476,The startup launched an innovative app,technology
477,A popular series released its latest season,entertainment
478,Streaming platforms are gaining popularity,entertainment
479,The team won the championship in a thrilling match,sports
480,Stock markets showed significant growth today,finance
481,Cybersecurity threats are increasing rapidly,technology
482,Healthcare systems are adopting new technologies,health
483,Cloud computing enables scalable solutions,technology
484,The company reported strong quarterly earnings,finance
485,Regular exercise improves overall health,health
486,Cybersecurity threats are increasing rapidly,technology
487,A popular series released its latest season,entertainment
488,The movie received excellent reviews from critics,entertainment
489,Regular exercise improves overall health,health
490,Stock markets showed significant growth today,finance
491,An award ceremony recognized top talents,entertainment
492,Cybersecurity threats are increasing rapidly,technology
493,The coach praised the defensive strategy,sports
494,New AI models are transforming industries,technology
495,The team won the championship in a thrilling match,sports
496,Cybersecurity threats are increasing rapidly,technology
497,An intense rivalry game drew huge crowds,sports
498,An award ceremony recognized top talents,entertainment
499,The concert attracted thousands of fans,entertainment
500,The player scored a last minute goal,sports
