review_id,movie_title,review_text,rating,review_date,reviewer,style,genre,review_length,word_count,sentiment_score,would_recommend,category,author,publish_date,views,publish_day,month
1,crimson pulse,"i just watched 'crimson pulse' and honestly, it was pretty good! not perfect, but definitely worth a watch.",3,2022-04-05,jordan frost,Casual viewer,Drama,107,18,0.3,False,World,Alex Green,2023-03-24,2306,Friday,March
2,galactic run,"i just watched 'galactic run' and honestly, it was pretty good! not perfect, but definitely worth a watch.",8,2024-12-15,nina reeves,Casual viewer,Action,106,18,0.8,True,Politics,John Doe,2023-08-09,1882,Wednesday,August
3,the last horizon,'the last horizon' delivers a polished and thoughtfully constructed narrative. its thematic depth is supported by confident direction and a compelling emotional core.,5,2024-04-06,nina rivers,Professional critic,Action,166,23,0.5,False,Business,Alex Green,2023-11-18,1716,Saturday,November
4,shadows of time,"'shadows of time' transcends the pedestrian constraints of mainstream cinema, offering instead a meditation on the fragility of human consciousness.",10,2024-05-14,alex sawyer,Pretentious film critic,Sci-Fi,148,20,1.0,True,Business,Maria Lopez,2023-06-19,1279,Monday,June
5,cyber alley,'cyber alley' delivers a polished and thoughtfully constructed narrative. its thematic depth is supported by confident direction and a compelling emotional core.,8,2021-12-06,sam grey,Professional critic,Fantasy,161,22,0.8,True,Business,Alex Green,2023-11-19,4691,Sunday,November
6,cyber alley,"okay sooo 'cyber alley' was kinda awesome?? like, not even kidding, i didn’t check my phone once.",2,2021-01-07,oscar kensington,Teen reviewer,Romance,97,17,0.2,False,Tech,Maria Lopez,2023-04-25,726,Tuesday,April
7,lost frequencies,watching 'lost frequencies' felt like staring into the soul of the universe as it begged for redemption.,8,2022-06-02,alex turner,Overly dramatic,Drama,104,17,0.8,True,Business,Maria Lopez,2023-12-15,4171,Friday,December
8,neon nights,watching 'neon nights' felt like staring into the soul of the universe as it begged for redemption.,7,2023-05-07,ethan grey,Overly dramatic,Action,99,17,0.7,True,Sports,John Doe,2023-12-01,898,Friday,December
9,neon nights,"okay sooo 'neon nights' was kinda awesome?? like, not even kidding, i didn’t check my phone once.",7,2021-08-16,liam sawyer,Teen reviewer,Comedy,97,17,0.7,True,World,Jane Smith,2023-08-18,2238,Friday,August
9,neon nights,"okay sooo 'neon nights' was kinda awesome?? like, not even kidding, i didn’t check my phone once.",7,2021-08-16,liam sawyer,Teen reviewer,Comedy,97,17,0.7,True,Politics,Jane Smith,2023-08-08,2714,Tuesday,August
10,crimson pulse,"'crimson pulse' transcends the pedestrian constraints of mainstream cinema, offering instead a meditation on the fragility of human consciousness.",6,2023-04-24,liam frost,Pretentious film critic,Comedy,146,19,0.6,False,Politics,Jane Smith,2023-09-04,1973,Monday,September
11,cyber alley,watching 'cyber alley' felt like staring into the soul of the universe as it begged for redemption.,6,2023-10-29,paula harper,Overly dramatic,Thriller,99,17,0.6,False,World,John Doe,2023-04-11,4820,Tuesday,April
12,shadows of time,"okay sooo 'shadows of time' was kinda awesome?? like, not even kidding, i didn’t check my phone once.",7,2022-12-28,alex frost,Teen reviewer,Sci-Fi,101,18,0.7,True,Sports,John Doe,2023-08-10,4617,Thursday,August
13,lost frequencies,"i just watched 'lost frequencies' and honestly, it was pretty good! not perfect, but definitely worth a watch.",8,2021-08-26,maya santos,Casual viewer,Thriller,110,18,0.8,True,Tech,Maria Lopez,2023-06-28,537,Wednesday,June
14,cyber alley,'cyber alley' delivers a polished and thoughtfully constructed narrative. its thematic depth is supported by confident direction and a compelling emotional core.,4,2024-04-26,rachel turner,Professional critic,Drama,161,22,0.4,False,Politics,Maria Lopez,2023-06-24,3185,Saturday,June
15,broken memories,"'broken memories' transcends the pedestrian constraints of mainstream cinema, offering instead a meditation on the fragility of human consciousness.",3,2024-08-04,victor harper,Pretentious film critic,Romance,148,19,0.3,False,Tech,Jane Smith,2023-04-04,4983,Tuesday,April
16,broken memories,'broken memories' delivers a polished and thoughtfully constructed narrative. its thematic depth is supported by confident direction and a compelling emotional core.,7,2023-04-06,victor lowell,Professional critic,Fantasy,165,22,0.7,True,Tech,Maria Lopez,2023-04-25,3436,Tuesday,April
17,crimson pulse,"okay sooo 'crimson pulse' was kinda awesome?? like, not even kidding, i didn’t check my phone once.",10,2023-06-07,sofia bennett,Teen reviewer,Fantasy,99,17,1.0,True,Politics,John Doe,2023-06-11,1845,Sunday,June
18,silent echoes,'silent echoes' delivers a polished and thoughtfully constructed narrative. its thematic depth is supported by confident direction and a compelling emotional core.,3,2021-09-30,logan kensington,Professional critic,Drama,163,22,0.3,False,Tech,Maria Lopez,2023-09-26,2528,Tuesday,September
19,crimson pulse,"'crimson pulse' transcends the pedestrian constraints of mainstream cinema, offering instead a meditation on the fragility of human consciousness.",5,2021-06-29,irene holloway,Pretentious film critic,Fantasy,146,19,0.5,False,World,John Doe,2023-08-13,200,Sunday,August
20,neon nights,"okay sooo 'neon nights' was kinda awesome?? like, not even kidding, i didn’t check my phone once.",1,2022-11-13,logan grey,Teen reviewer,Sci-Fi,97,17,0.1,False,Business,Jane Smith,2023-08-22,1509,Tuesday,August
21,neon nights,"i just watched 'neon nights' and honestly, it was pretty good! not perfect, but definitely worth a watch.",7,2025-01-21,alex gibson,Casual viewer,Romance,105,18,0.7,True,Politics,Alex Green,2023-12-03,865,Sunday,December
22,cyber alley,"'cyber alley' is the cinematic equivalent of eating cold fries—still enjoyable, but you know it could've been better.",2,2024-12-06,wendy holloway,Comedy/snarky,Fantasy,117,18,0.2,False,Business,Alex Green,2023-03-08,4426,Wednesday,March
23,broken memories,"'broken memories' transcends the pedestrian constraints of mainstream cinema, offering instead a meditation on the fragility of human consciousness.",7,2021-06-27,sam santos,Pretentious film critic,Drama,148,19,0.7,True,Politics,John Doe,2023-05-06,4700,Saturday,May
24,broken memories,watching 'broken memories' felt like staring into the soul of the universe as it begged for redemption.,6,2024-04-11,wendy carson,Overly dramatic,Sci-Fi,103,17,0.6,False,Sports,Alex Green,2023-05-19,2810,Friday,May
25,neon nights,'neon nights' delivers a polished and thoughtfully constructed narrative. its thematic depth is supported by confident direction and a compelling emotional core.,6,2025-01-11,rachel gibson,Professional critic,Thriller,161,22,0.6,False,Business,Jane Smith,2023-04-23,3202,Sunday,April
26,galactic run,"'galactic run' is the cinematic equivalent of eating cold fries—still enjoyable, but you know it could've been better.",5,2021-05-14,marina harper,Comedy/snarky,Romance,118,18,0.5,False,Politics,Maria Lopez,2023-08-07,1896,Monday,August
27,neon nights,"'neon nights' transcends the pedestrian constraints of mainstream cinema, offering instead a meditation on the fragility of human consciousness.",4,2024-04-15,kevin reeves,Pretentious film critic,Romance,144,19,0.4,False,Tech,Maria Lopez,2023-06-05,4856,Monday,June
28,silent echoes,"i just watched 'silent echoes' and honestly, it was pretty good! not perfect, but definitely worth a watch.",8,2023-08-04,kevin santos,Casual viewer,Comedy,107,18,0.8,True,Business,Maria Lopez,2023-07-04,2734,Tuesday,July
29,neon nights,"i just watched 'neon nights' and honestly, it was pretty good! not perfect, but definitely worth a watch.",4,2021-01-15,felix delaney,Casual viewer,Drama,105,18,0.4,False,Business,Jane Smith,2023-05-01,223,Monday,May
30,shadows of time,"okay sooo 'shadows of time' was kinda awesome?? like, not even kidding, i didn’t check my phone once.",8,2022-07-01,marina rivers,Teen reviewer,Romance,101,18,0.8,True,Business,Alex Green,2023-11-18,2889,Saturday,November
31,emerald sky,"'emerald sky' transcends the pedestrian constraints of mainstream cinema, offering instead a meditation on the fragility of human consciousness.",9,2023-08-06,chloe stone,Pretentious film critic,Action,144,19,0.9,True,Politics,Jane Smith,2023-07-17,1729,Monday,July
32,emerald sky,'emerald sky' delivers a polished and thoughtfully constructed narrative. its thematic depth is supported by confident direction and a compelling emotional core.,5,2022-01-21,tara santos,Professional critic,Romance,161,22,0.5,False,Tech,Alex Green,2023-12-11,4877,Monday,December
33,emerald sky,watching 'emerald sky' felt like staring into the soul of the universe as it begged for redemption.,2,2024-03-18,sofia castillo,Overly dramatic,Action,99,17,0.2,False,Tech,Maria Lopez,2023-10-18,2336,Wednesday,October
34,neon nights,"'neon nights' is the cinematic equivalent of eating cold fries—still enjoyable, but you know it could've been better.",1,2023-10-18,wendy turner,Comedy/snarky,Fantasy,117,18,0.1,False,Tech,Alex Green,2023-01-04,1333,Wednesday,January
35,emerald sky,"okay sooo 'emerald sky' was kinda awesome?? like, not even kidding, i didn’t check my phone once.",3,2023-03-16,irene lowell,Teen reviewer,Comedy,97,17,0.3,False,Politics,Jane Smith,2023-07-08,4887,Saturday,July
36,galactic run,"'galactic run' transcends the pedestrian constraints of mainstream cinema, offering instead a meditation on the fragility of human consciousness.",10,2022-06-22,chloe rivers,Pretentious film critic,Action,145,19,1.0,True,Sports,Alex Green,2023-08-27,1420,Sunday,August
37,lost frequencies,watching 'lost frequencies' felt like staring into the soul of the universe as it begged for redemption.,6,2022-10-10,irene hughes,Overly dramatic,Sci-Fi,104,17,0.6,False,World,Maria Lopez,2023-06-15,2638,Thursday,June
38,silent echoes,"'silent echoes' transcends the pedestrian constraints of mainstream cinema, offering instead a meditation on the fragility of human consciousness.",9,2023-09-27,irene sawyer,Pretentious film critic,Sci-Fi,146,19,0.9,True,Business,Maria Lopez,2023-06-21,1602,Wednesday,June
39,crimson pulse,"'crimson pulse' transcends the pedestrian constraints of mainstream cinema, offering instead a meditation on the fragility of human consciousness.",9,2024-01-17,jordan hughes,Pretentious film critic,Fantasy,146,19,0.9,True,Business,John Doe,2023-07-31,2689,Monday,July
40,neon nights,watching 'neon nights' felt like staring into the soul of the universe as it begged for redemption.,9,2022-03-04,victor brooks,Overly dramatic,Sci-Fi,99,17,0.9,True,Sports,John Doe,2023-12-11,3849,Monday,December
41,galactic run,"okay sooo 'galactic run' was kinda awesome?? like, not even kidding, i didn’t check my phone once.",10,2021-08-09,tara rivers,Teen reviewer,Fantasy,98,17,1.0,True,World,Alex Green,2023-03-12,4578,Sunday,March
42,lost frequencies,'lost frequencies' delivers a polished and thoughtfully constructed narrative. its thematic depth is supported by confident direction and a compelling emotional core.,1,2024-03-08,sofia hughes,Professional critic,Thriller,166,22,0.1,False,Sports,Jane Smith,2023-05-29,2364,Monday,May
43,neon nights,"'neon nights' is the cinematic equivalent of eating cold fries—still enjoyable, but you know it could've been better.",6,2022-01-24,kevin santos,Comedy/snarky,Sci-Fi,117,18,0.6,False,Politics,Maria Lopez,2023-10-12,608,Thursday,October
44,emerald sky,"'emerald sky' transcends the pedestrian constraints of mainstream cinema, offering instead a meditation on the fragility of human consciousness.",8,2024-11-29,victor hughes,Pretentious film critic,Thriller,144,19,0.8,True,Politics,Jane Smith,2023-04-26,3237,Wednesday,April
45,lost frequencies,watching 'lost frequencies' felt like staring into the soul of the universe as it begged for redemption.,8,2021-03-16,sofia frost,Overly dramatic,Thriller,104,17,0.8,True,World,Alex Green,2023-11-19,3372,Sunday,November
46,lost frequencies,"'lost frequencies' is the cinematic equivalent of eating cold fries—still enjoyable, but you know it could've been better.",6,2023-10-24,logan brooks,Comedy/snarky,Thriller,122,18,0.6,False,Politics,Alex Green,2023-04-03,1508,Monday,April
47,shadows of time,'shadows of time' delivers a polished and thoughtfully constructed narrative. its thematic depth is supported by confident direction and a compelling emotional core.,8,2022-04-17,sofia reeves,Professional critic,Thriller,165,23,0.8,True,World,Jane Smith,2023-04-13,1211,Thursday,April
48,cyber alley,'cyber alley' delivers a polished and thoughtfully constructed narrative. its thematic depth is supported by confident direction and a compelling emotional core.,4,2024-07-07,alex reeves,Professional critic,Comedy,161,22,0.4,False,Tech,John Doe,2023-12-24,3977,Sunday,December
49,emerald sky,"i just watched 'emerald sky' and honestly, it was pretty good! not perfect, but definitely worth a watch.",7,2021-12-05,sam sawyer,Casual viewer,Action,105,18,0.7,True,World,Alex Green,2023-07-17,2595,Monday,July
50,emerald sky,"'emerald sky' transcends the pedestrian constraints of mainstream cinema, offering instead a meditation on the fragility of human consciousness.",10,2021-06-20,nina lowell,Pretentious film critic,Drama,144,19,1.0,True,Tech,Maria Lopez,2023-04-20,2558,Thursday,April
51,neon nights,"i just watched 'neon nights' and honestly, it was pretty good! not perfect, but definitely worth a watch.",7,2023-07-02,liam rivers,Casual viewer,Drama,105,18,0.7,True,Sports,John Doe,2023-11-26,4925,Sunday,November
52,the last horizon,"i just watched 'the last horizon' and honestly, it was pretty good! not perfect, but definitely worth a watch.",9,2024-05-23,logan holloway,Casual viewer,Fantasy,110,19,0.9,True,Sports,Alex Green,2023-04-11,1627,Tuesday,April
53,silent echoes,watching 'silent echoes' felt like staring into the soul of the universe as it begged for redemption.,1,2021-03-03,wendy lowell,Overly dramatic,Sci-Fi,101,17,0.1,False,Politics,John Doe,2023-07-02,2611,Sunday,July
54,galactic run,'galactic run' delivers a polished and thoughtfully constructed narrative. its thematic depth is supported by confident direction and a compelling emotional core.,7,2023-11-17,sofia bennett,Professional critic,Drama,162,22,0.7,True,Tech,Maria Lopez,2023-11-30,1225,Thursday,November
55,silent echoes,watching 'silent echoes' felt like staring into the soul of the universe as it begged for redemption.,4,2024-01-14,maya hughes,Overly dramatic,Action,101,17,0.4,False,Tech,Alex Green,2023-06-09,1421,Friday,June
56,silent echoes,"'silent echoes' transcends the pedestrian constraints of mainstream cinema, offering instead a meditation on the fragility of human consciousness.",10,2024-10-31,paula delaney,Pretentious film critic,Thriller,146,19,1.0,True,Tech,Jane Smith,2023-03-23,2037,Thursday,March
57,silent echoes,"'silent echoes' transcends the pedestrian constraints of mainstream cinema, offering instead a meditation on the fragility of human consciousness.",3,2024-06-11,victor sawyer,Pretentious film critic,Drama,146,19,0.3,False,Tech,Alex Green,2023-02-05,4052,Sunday,February
58,cyber alley,"'cyber alley' transcends the pedestrian constraints of mainstream cinema, offering instead a meditation on the fragility of human consciousness.",5,2024-08-09,oscar kensington,Pretentious film critic,Drama,144,19,0.5,False,Business,Jane Smith,2023-08-26,3215,Saturday,August
59,crimson pulse,watching 'crimson pulse' felt like staring into the soul of the universe as it begged for redemption.,9,2022-01-31,liam bennett,Overly dramatic,Fantasy,101,17,0.9,True,Business,John Doe,2023-09-01,1234,Friday,September
60,lost frequencies,"'lost frequencies' is the cinematic equivalent of eating cold fries—still enjoyable, but you know it could've been better.",9,2022-09-02,victor frost,Comedy/snarky,Fantasy,122,18,0.9,True,Sports,Jane Smith,2023-09-08,3625,Friday,September
61,emerald sky,watching 'emerald sky' felt like staring into the soul of the universe as it begged for redemption.,6,2022-03-26,rachel bennett,Overly dramatic,Comedy,99,17,0.6,False,Business,Jane Smith,2023-09-12,4570,Tuesday,September
62,the last horizon,"'the last horizon' is the cinematic equivalent of eating cold fries—still enjoyable, but you know it could've been better.",2,2024-07-29,felix holloway,Comedy/snarky,Sci-Fi,122,19,0.2,False,Politics,Alex Green,2023-10-09,3063,Monday,October
63,silent echoes,"'silent echoes' transcends the pedestrian constraints of mainstream cinema, offering instead a meditation on the fragility of human consciousness.",10,2024-02-03,nina frost,Pretentious film critic,Comedy,146,19,1.0,True,Business,Alex Green,2023-01-22,3537,Sunday,January
64,cyber alley,"okay sooo 'cyber alley' was kinda awesome?? like, not even kidding, i didn’t check my phone once.",6,2022-02-05,felix grey,Teen reviewer,Romance,97,17,0.6,False,World,Maria Lopez,2023-08-18,2267,Friday,August
65,neon nights,"'neon nights' is the cinematic equivalent of eating cold fries—still enjoyable, but you know it could've been better.",6,2023-11-01,paula turner,Comedy/snarky,Action,117,18,0.6,False,Tech,John Doe,2023-06-03,4478,Saturday,June
66,cyber alley,"i just watched 'cyber alley' and honestly, it was pretty good! not perfect, but definitely worth a watch.",9,2023-10-31,oscar hughes,Casual viewer,Drama,105,18,0.9,True,Sports,Jane Smith,2023-04-30,660,Sunday,April
67,lost frequencies,watching 'lost frequencies' felt like staring into the soul of the universe as it begged for redemption.,9,2023-06-14,tara kensington,Overly dramatic,Action,104,17,0.9,True,World,John Doe,2023-06-15,3371,Thursday,June
68,galactic run,"'galactic run' is the cinematic equivalent of eating cold fries—still enjoyable, but you know it could've been better.",7,2023-08-14,victor sawyer,Comedy/snarky,Fantasy,118,18,0.7,True,Business,Maria Lopez,2023-07-18,4435,Tuesday,July
69,galactic run,"okay sooo 'galactic run' was kinda awesome?? like, not even kidding, i didn’t check my phone once.",5,2024-02-11,sam harper,Teen reviewer,Fantasy,98,17,0.5,False,World,John Doe,2023-12-13,2842,Wednesday,December
70,cyber alley,"i just watched 'cyber alley' and honestly, it was pretty good! not perfect, but definitely worth a watch.",9,2021-10-12,logan santos,Casual viewer,Romance,105,18,0.9,True,World,John Doe,2023-03-16,4804,Thursday,March
71,lost frequencies,"'lost frequencies' transcends the pedestrian constraints of mainstream cinema, offering instead a meditation on the fragility of human consciousness.",2,2022-10-13,sam hughes,Pretentious film critic,Romance,149,19,0.2,False,World,Alex Green,2023-03-20,4552,Monday,March
72,cyber alley,"'cyber alley' transcends the pedestrian constraints of mainstream cinema, offering instead a meditation on the fragility of human consciousness.",4,2023-01-06,marina frost,Pretentious film critic,Thriller,144,19,0.4,False,Business,John Doe,2023-11-15,1974,Wednesday,November
73,neon nights,'neon nights' delivers a polished and thoughtfully constructed narrative. its thematic depth is supported by confident direction and a compelling emotional core.,3,2022-11-06,felix kensington,Professional critic,Drama,161,22,0.3,False,World,Maria Lopez,2023-03-14,1529,Tuesday,March
74,neon nights,'neon nights' delivers a polished and thoughtfully constructed narrative. its thematic depth is supported by confident direction and a compelling emotional core.,1,2022-06-18,tara carson,Professional critic,Fantasy,161,22,0.1,False,World,Jane Smith,2023-07-19,2662,Wednesday,July
75,cyber alley,watching 'cyber alley' felt like staring into the soul of the universe as it begged for redemption.,10,2023-11-22,nina carson,Overly dramatic,Thriller,99,17,1.0,True,World,John Doe,2023-10-29,3436,Sunday,October
76,cyber alley,"okay sooo 'cyber alley' was kinda awesome?? like, not even kidding, i didn’t check my phone once.",7,2023-04-04,maya gibson,Teen reviewer,Comedy,97,17,0.7,True,Politics,Maria Lopez,2023-05-14,2409,Sunday,May
77,neon nights,"'neon nights' transcends the pedestrian constraints of mainstream cinema, offering instead a meditation on the fragility of human consciousness.",2,2023-01-14,felix bennett,Pretentious film critic,Thriller,144,19,0.2,False,World,Alex Green,2023-02-17,3466,Friday,February
78,broken memories,watching 'broken memories' felt like staring into the soul of the universe as it begged for redemption.,7,2022-09-11,paula sawyer,Overly dramatic,Romance,103,17,0.7,True,Business,Jane Smith,2023-07-07,712,Friday,July
79,broken memories,"okay sooo 'broken memories' was kinda awesome?? like, not even kidding, i didn’t check my phone once.",9,2023-05-31,nina grey,Teen reviewer,Drama,101,17,0.9,True,Sports,Maria Lopez,2023-06-20,4645,Tuesday,June
80,emerald sky,"i just watched 'emerald sky' and honestly, it was pretty good! not perfect, but definitely worth a watch.",8,2024-04-05,logan turner,Casual viewer,Drama,105,18,0.8,True,Politics,John Doe,2023-05-19,1753,Friday,May
81,galactic run,"'galactic run' transcends the pedestrian constraints of mainstream cinema, offering instead a meditation on the fragility of human consciousness.",1,2023-12-07,alex delaney,Pretentious film critic,Romance,145,19,0.1,False,Tech,Jane Smith,2023-08-31,671,Thursday,August
82,galactic run,'galactic run' delivers a polished and thoughtfully constructed narrative. its thematic depth is supported by confident direction and a compelling emotional core.,9,2024-11-22,irene delaney,Professional critic,Comedy,162,22,0.9,True,Tech,Alex Green,2023-11-10,3848,Friday,November
83,neon nights,watching 'neon nights' felt like staring into the soul of the universe as it begged for redemption.,2,2024-01-10,wendy reeves,Overly dramatic,Romance,99,17,0.2,False,Business,John Doe,2023-12-12,1001,Tuesday,December
84,cyber alley,"'cyber alley' is the cinematic equivalent of eating cold fries—still enjoyable, but you know it could've been better.",10,2024-04-21,ethan lowell,Comedy/snarky,Action,117,18,1.0,True,Politics,John Doe,2023-05-06,2409,Saturday,May
85,galactic run,"i just watched 'galactic run' and honestly, it was pretty good! not perfect, but definitely worth a watch.",8,2021-07-16,nina reeves,Casual viewer,Fantasy,106,18,0.8,True,Politics,John Doe,2023-07-26,3847,Wednesday,July
86,neon nights,'neon nights' delivers a polished and thoughtfully constructed narrative. its thematic depth is supported by confident direction and a compelling emotional core.,4,2024-11-04,paula bennett,Professional critic,Drama,161,22,0.4,False,Tech,Alex Green,2023-12-05,1389,Tuesday,December
87,galactic run,'galactic run' delivers a polished and thoughtfully constructed narrative. its thematic depth is supported by confident direction and a compelling emotional core.,6,2022-02-07,maya sawyer,Professional critic,Sci-Fi,162,22,0.6,False,Sports,Jane Smith,2023-07-17,4187,Monday,July
88,cyber alley,"'cyber alley' transcends the pedestrian constraints of mainstream cinema, offering instead a meditation on the fragility of human consciousness.",8,2023-10-08,liam gibson,Pretentious film critic,Thriller,144,19,0.8,True,World,Maria Lopez,2023-07-06,3196,Thursday,July
89,galactic run,"okay sooo 'galactic run' was kinda awesome?? like, not even kidding, i didn’t check my phone once.",4,2024-08-06,rachel holloway,Teen reviewer,Sci-Fi,98,17,0.4,False,Sports,John Doe,2023-01-18,1730,Wednesday,January
90,silent echoes,"okay sooo 'silent echoes' was kinda awesome?? like, not even kidding, i didn’t check my phone once.",7,2023-03-11,jordan holloway,Teen reviewer,Drama,99,17,0.7,True,Politics,John Doe,2023-07-17,3558,Monday,July
91,neon nights,"'neon nights' is the cinematic equivalent of eating cold fries—still enjoyable, but you know it could've been better.",1,2022-07-14,wendy albright,Comedy/snarky,Sci-Fi,117,18,0.1,False,Business,John Doe,2023-12-17,4071,Sunday,December
92,emerald sky,"okay sooo 'emerald sky' was kinda awesome?? like, not even kidding, i didn’t check my phone once.",5,2021-08-16,jordan lowell,Teen reviewer,Drama,97,17,0.5,False,Sports,John Doe,2023-06-02,3761,Friday,June
93,silent echoes,"'silent echoes' transcends the pedestrian constraints of mainstream cinema, offering instead a meditation on the fragility of human consciousness.",2,2022-03-31,ethan castillo,Pretentious film critic,Thriller,146,19,0.2,False,Sports,Jane Smith,2023-05-12,1391,Friday,May
94,silent echoes,"'silent echoes' is the cinematic equivalent of eating cold fries—still enjoyable, but you know it could've been better.",2,2024-07-06,oscar gibson,Comedy/snarky,Thriller,119,18,0.2,False,Politics,Maria Lopez,2023-11-22,497,Wednesday,November
95,crimson pulse,watching 'crimson pulse' felt like staring into the soul of the universe as it begged for redemption.,4,2023-03-15,victor albright,Overly dramatic,Romance,101,17,0.4,False,Tech,Alex Green,2023-06-14,2632,Wednesday,June
96,lost frequencies,"okay sooo 'lost frequencies' was kinda awesome?? like, not even kidding, i didn’t check my phone once.",1,2023-09-23,nina sawyer,Teen reviewer,Comedy,102,17,0.1,False,Politics,Alex Green,2023-02-28,2229,Tuesday,February
97,neon nights,'neon nights' delivers a polished and thoughtfully constructed narrative. its thematic depth is supported by confident direction and a compelling emotional core.,7,2021-07-06,jordan stone,Professional critic,Fantasy,161,22,0.7,True,Sports,Jane Smith,2023-06-27,1278,Tuesday,June
98,the last horizon,'the last horizon' delivers a polished and thoughtfully constructed narrative. its thematic depth is supported by confident direction and a compelling emotional core.,5,2023-06-23,alex bennett,Professional critic,Comedy,166,23,0.5,False,Sports,John Doe,2023-06-02,4138,Friday,June
99,the last horizon,"i just watched 'the last horizon' and honestly, it was pretty good! not perfect, but definitely worth a watch.",10,2022-07-25,oscar stone,Casual viewer,Comedy,110,19,1.0,True,Business,Jane Smith,2023-06-11,1811,Sunday,June
100,neon nights,"'neon nights' transcends the pedestrian constraints of mainstream cinema, offering instead a meditation on the fragility of human consciousness.",10,2022-10-21,chloe sawyer,Pretentious film critic,Comedy,144,19,1.0,True,Sports,Jane Smith,2023-12-20,4088,Wednesday,December
101,broken memories,"'broken memories' is the cinematic equivalent of eating cold fries—still enjoyable, but you know it could've been better.",9,2024-12-07,wendy santos,Comedy/snarky,Sci-Fi,121,18,0.9,True,Business,Jane Smith,2023-08-30,2589,Wednesday,August
102,crimson pulse,watching 'crimson pulse' felt like staring into the soul of the universe as it begged for redemption.,2,2024-10-05,sam kensington,Overly dramatic,Thriller,101,17,0.2,False,Sports,Maria Lopez,2023-05-16,1269,Tuesday,May
103,emerald sky,"i just watched 'emerald sky' and honestly, it was pretty good! not perfect, but definitely worth a watch.",1,2023-04-22,felix sawyer,Casual viewer,Drama,105,18,0.1,False,Tech,Maria Lopez,2023-08-24,4809,Thursday,August
104,shadows of time,watching 'shadows of time' felt like staring into the soul of the universe as it begged for redemption.,1,2022-10-01,victor carson,Overly dramatic,Comedy,103,18,0.1,False,Sports,Jane Smith,2023-02-16,4157,Thursday,February
105,neon nights,"'neon nights' transcends the pedestrian constraints of mainstream cinema, offering instead a meditation on the fragility of human consciousness.",3,2023-10-30,alex reeves,Pretentious film critic,Fantasy,144,19,0.3,False,Business,Jane Smith,2023-05-08,3416,Monday,May
106,lost frequencies,"'lost frequencies' is the cinematic equivalent of eating cold fries—still enjoyable, but you know it could've been better.",5,2025-01-10,sam harper,Comedy/snarky,Sci-Fi,122,18,0.5,False,Business,Maria Lopez,2023-12-04,283,Monday,December
107,galactic run,"i just watched 'galactic run' and honestly, it was pretty good! not perfect, but definitely worth a watch.",2,2022-10-04,alex brooks,Casual viewer,Romance,106,18,0.2,False,Business,Jane Smith,2023-06-07,3368,Wednesday,June
108,cyber alley,watching 'cyber alley' felt like staring into the soul of the universe as it begged for redemption.,9,2022-11-19,oscar carson,Overly dramatic,Comedy,99,17,0.9,True,Sports,Maria Lopez,2023-01-13,4307,Friday,January
109,cyber alley,watching 'cyber alley' felt like staring into the soul of the universe as it begged for redemption.,9,2023-01-24,kevin holloway,Overly dramatic,Action,99,17,0.9,True,Business,Maria Lopez,2023-04-29,2927,Saturday,April
110,neon nights,"okay sooo 'neon nights' was kinda awesome?? like, not even kidding, i didn’t check my phone once.",2,2022-12-11,nina albright,Teen reviewer,Comedy,97,17,0.2,False,World,Alex Green,2023-10-30,4166,Monday,October
111,broken memories,"i just watched 'broken memories' and honestly, it was pretty good! not perfect, but definitely worth a watch.",1,2023-03-26,felix kensington,Casual viewer,Drama,109,18,0.1,False,Tech,Alex Green,2023-10-16,2386,Monday,October
112,the last horizon,'the last horizon' delivers a polished and thoughtfully constructed narrative. its thematic depth is supported by confident direction and a compelling emotional core.,1,2023-03-19,felix brooks,Professional critic,Action,166,23,0.1,False,Sports,Maria Lopez,2023-10-18,2449,Wednesday,October
113,lost frequencies,"okay sooo 'lost frequencies' was kinda awesome?? like, not even kidding, i didn’t check my phone once.",3,2025-02-08,wendy turner,Teen reviewer,Fantasy,102,17,0.3,False,Business,Jane Smith,2023-04-26,2922,Wednesday,April
114,emerald sky,"'emerald sky' transcends the pedestrian constraints of mainstream cinema, offering instead a meditation on the fragility of human consciousness.",8,2023-01-03,sofia castillo,Pretentious film critic,Thriller,144,19,0.8,True,Tech,Jane Smith,2023-03-29,4028,Wednesday,March
115,silent echoes,watching 'silent echoes' felt like staring into the soul of the universe as it begged for redemption.,2,2023-08-23,irene turner,Overly dramatic,Action,101,17,0.2,False,Sports,Jane Smith,2023-05-05,2641,Friday,May
116,the last horizon,watching 'the last horizon' felt like staring into the soul of the universe as it begged for redemption.,7,2021-04-20,liam frost,Overly dramatic,Sci-Fi,104,18,0.7,True,Tech,Alex Green,2023-06-24,2698,Saturday,June
117,crimson pulse,"okay sooo 'crimson pulse' was kinda awesome?? like, not even kidding, i didn’t check my phone once.",5,2025-01-05,rachel stone,Teen reviewer,Drama,99,17,0.5,False,World,John Doe,2023-12-30,4247,Saturday,December
118,emerald sky,"okay sooo 'emerald sky' was kinda awesome?? like, not even kidding, i didn’t check my phone once.",8,2024-12-11,logan holloway,Teen reviewer,Drama,97,17,0.8,True,Sports,Maria Lopez,2023-02-22,1140,Wednesday,February
119,silent echoes,"okay sooo 'silent echoes' was kinda awesome?? like, not even kidding, i didn’t check my phone once.",9,2024-09-04,liam harper,Teen reviewer,Action,99,17,0.9,True,Business,John Doe,2023-04-21,3902,Friday,April
120,crimson pulse,"'crimson pulse' transcends the pedestrian constraints of mainstream cinema, offering instead a meditation on the fragility of human consciousness.",6,2021-05-16,marina sawyer,Pretentious film critic,Drama,146,19,0.6,False,Politics,John Doe,2023-03-06,4967,Monday,March
121,lost frequencies,"okay sooo 'lost frequencies' was kinda awesome?? like, not even kidding, i didn’t check my phone once.",6,2024-08-17,ethan reeves,Teen reviewer,Sci-Fi,102,17,0.6,False,Business,Jane Smith,2023-11-29,1982,Wednesday,November
122,crimson pulse,"i just watched 'crimson pulse' and honestly, it was pretty good! not perfect, but definitely worth a watch.",7,2021-04-19,felix carson,Casual viewer,Fantasy,107,18,0.7,True,Sports,John Doe,2023-03-15,4626,Wednesday,March
123,shadows of time,"okay sooo 'shadows of time' was kinda awesome?? like, not even kidding, i didn’t check my phone once.",7,2022-02-22,nina castillo,Teen reviewer,Drama,101,18,0.7,True,Business,Jane Smith,2023-05-27,4966,Saturday,May
124,crimson pulse,"'crimson pulse' transcends the pedestrian constraints of mainstream cinema, offering instead a meditation on the fragility of human consciousness.",7,2024-11-28,oscar hughes,Pretentious film critic,Comedy,146,19,0.7,True,Politics,John Doe,2023-09-18,745,Monday,September
125,lost frequencies,watching 'lost frequencies' felt like staring into the soul of the universe as it begged for redemption.,7,2021-11-19,tara bennett,Overly dramatic,Fantasy,104,17,0.7,True,Politics,Maria Lopez,2023-09-21,4139,Thursday,September
126,shadows of time,"'shadows of time' transcends the pedestrian constraints of mainstream cinema, offering instead a meditation on the fragility of human consciousness.",1,2022-05-04,maya rivers,Pretentious film critic,Thriller,148,20,0.1,False,Politics,Alex Green,2023-05-12,1543,Friday,May
127,emerald sky,"'emerald sky' is the cinematic equivalent of eating cold fries—still enjoyable, but you know it could've been better.",4,2023-07-28,kevin hughes,Comedy/snarky,Thriller,117,18,0.4,False,Business,Alex Green,2023-02-18,2839,Saturday,February
128,silent echoes,"'silent echoes' transcends the pedestrian constraints of mainstream cinema, offering instead a meditation on the fragility of human consciousness.",10,2021-07-25,alex bennett,Pretentious film critic,Fantasy,146,19,1.0,True,Sports,Jane Smith,2023-03-18,3530,Saturday,March
129,neon nights,'neon nights' delivers a polished and thoughtfully constructed narrative. its thematic depth is supported by confident direction and a compelling emotional core.,2,2022-03-10,felix gibson,Professional critic,Fantasy,161,22,0.2,False,Business,John Doe,2023-10-21,861,Saturday,October
130,neon nights,'neon nights' delivers a polished and thoughtfully constructed narrative. its thematic depth is supported by confident direction and a compelling emotional core.,6,2024-07-12,sam reeves,Professional critic,Sci-Fi,161,22,0.6,False,Politics,John Doe,2023-04-27,1047,Thursday,April
131,neon nights,"'neon nights' transcends the pedestrian constraints of mainstream cinema, offering instead a meditation on the fragility of human consciousness.",4,2023-03-25,felix reeves,Pretentious film critic,Sci-Fi,144,19,0.4,False,World,John Doe,2023-02-18,4097,Saturday,February
132,broken memories,"'broken memories' transcends the pedestrian constraints of mainstream cinema, offering instead a meditation on the fragility of human consciousness.",7,2024-01-16,chloe brooks,Pretentious film critic,Thriller,148,19,0.7,True,Politics,John Doe,2023-04-20,4891,Thursday,April
133,shadows of time,"okay sooo 'shadows of time' was kinda awesome?? like, not even kidding, i didn’t check my phone once.",7,2024-06-28,kevin reeves,Teen reviewer,Thriller,101,18,0.7,True,Politics,John Doe,2023-06-29,725,Thursday,June
134,lost frequencies,'lost frequencies' delivers a polished and thoughtfully constructed narrative. its thematic depth is supported by confident direction and a compelling emotional core.,9,2024-01-04,liam delaney,Professional critic,Comedy,166,22,0.9,True,Sports,Maria Lopez,2023-02-19,495,Sunday,February
135,the last horizon,"'the last horizon' transcends the pedestrian constraints of mainstream cinema, offering instead a meditation on the fragility of human consciousness.",7,2023-12-07,alex reeves,Pretentious film critic,Sci-Fi,149,20,0.7,True,Business,Alex Green,2023-03-13,2599,Monday,March
136,silent echoes,"'silent echoes' transcends the pedestrian constraints of mainstream cinema, offering instead a meditation on the fragility of human consciousness.",2,2021-12-20,maya sawyer,Pretentious film critic,Thriller,146,19,0.2,False,Sports,Jane Smith,2023-12-13,4062,Wednesday,December
137,shadows of time,"'shadows of time' is the cinematic equivalent of eating cold fries—still enjoyable, but you know it could've been better.",4,2024-12-24,oscar albright,Comedy/snarky,Sci-Fi,121,19,0.4,False,Business,John Doe,2023-10-13,3483,Friday,October
138,neon nights,"i just watched 'neon nights' and honestly, it was pretty good! not perfect, but definitely worth a watch.",6,2023-12-21,jordan reeves,Casual viewer,Romance,105,18,0.6,False,Politics,Alex Green,2023-01-04,2655,Wednesday,January
139,lost frequencies,"okay sooo 'lost frequencies' was kinda awesome?? like, not even kidding, i didn’t check my phone once.",2,2024-07-10,tara delaney,Teen reviewer,Thriller,102,17,0.2,False,Politics,Maria Lopez,2023-03-16,4700,Thursday,March
140,neon nights,'neon nights' delivers a polished and thoughtfully constructed narrative. its thematic depth is supported by confident direction and a compelling emotional core.,9,2021-04-02,victor holloway,Professional critic,Action,161,22,0.9,True,Politics,Maria Lopez,2023-03-26,3289,Sunday,March
141,lost frequencies,"'lost frequencies' transcends the pedestrian constraints of mainstream cinema, offering instead a meditation on the fragility of human consciousness.",7,2023-08-18,sofia santos,Pretentious film critic,Drama,149,19,0.7,True,Business,Maria Lopez,2023-11-18,4157,Saturday,November
142,galactic run,"i just watched 'galactic run' and honestly, it was pretty good! not perfect, but definitely worth a watch.",5,2023-02-04,felix lowell,Casual viewer,Drama,106,18,0.5,False,Politics,Maria Lopez,2023-01-21,3408,Saturday,January
143,lost frequencies,'lost frequencies' delivers a polished and thoughtfully constructed narrative. its thematic depth is supported by confident direction and a compelling emotional core.,6,2024-03-12,paula bennett,Professional critic,Drama,166,22,0.6,False,Sports,John Doe,2023-07-28,4199,Friday,July
144,shadows of time,"'shadows of time' is the cinematic equivalent of eating cold fries—still enjoyable, but you know it could've been better.",4,2025-02-05,liam santos,Comedy/snarky,Action,121,19,0.4,False,Sports,Alex Green,2023-02-12,265,Sunday,February
145,lost frequencies,'lost frequencies' delivers a polished and thoughtfully constructed narrative. its thematic depth is supported by confident direction and a compelling emotional core.,3,2023-10-12,paula albright,Professional critic,Action,166,22,0.3,False,Politics,Jane Smith,2023-01-29,1515,Sunday,January
146,neon nights,"'neon nights' transcends the pedestrian constraints of mainstream cinema, offering instead a meditation on the fragility of human consciousness.",2,2024-03-26,wendy stone,Pretentious film critic,Thriller,144,19,0.2,False,World,John Doe,2023-12-10,1921,Sunday,December
147,the last horizon,"'the last horizon' transcends the pedestrian constraints of mainstream cinema, offering instead a meditation on the fragility of human consciousness.",6,2023-12-13,oscar gibson,Pretentious film critic,Drama,149,20,0.6,False,Business,Maria Lopez,2023-06-30,1202,Friday,June
148,cyber alley,"i just watched 'cyber alley' and honestly, it was pretty good! not perfect, but definitely worth a watch.",2,2021-06-30,chloe brooks,Casual viewer,Thriller,105,18,0.2,False,World,Maria Lopez,2023-11-01,3951,Wednesday,November
149,silent echoes,"'silent echoes' is the cinematic equivalent of eating cold fries—still enjoyable, but you know it could've been better.",10,2021-08-29,kevin carson,Comedy/snarky,Drama,119,18,1.0,True,Politics,Maria Lopez,2023-04-13,3117,Thursday,April
150,galactic run,"'galactic run' is the cinematic equivalent of eating cold fries—still enjoyable, but you know it could've been better.",7,2022-04-02,paula kensington,Comedy/snarky,Drama,118,18,0.7,True,World,Maria Lopez,2023-09-23,623,Saturday,September
151,emerald sky,"'emerald sky' is the cinematic equivalent of eating cold fries—still enjoyable, but you know it could've been better.",2,2021-09-07,oscar bennett,Comedy/snarky,Drama,117,18,0.2,False,Business,John Doe,2023-09-16,2783,Saturday,September
152,silent echoes,watching 'silent echoes' felt like staring into the soul of the universe as it begged for redemption.,9,2024-07-06,alex turner,Overly dramatic,Sci-Fi,101,17,0.9,True,Business,Alex Green,2023-12-31,203,Sunday,December
153,silent echoes,"'silent echoes' is the cinematic equivalent of eating cold fries—still enjoyable, but you know it could've been better.",5,2023-08-20,felix sawyer,Comedy/snarky,Romance,119,18,0.5,False,World,Jane Smith,2023-08-22,799,Tuesday,August
154,broken memories,"'broken memories' is the cinematic equivalent of eating cold fries—still enjoyable, but you know it could've been better.",10,2024-05-07,logan castillo,Comedy/snarky,Action,121,18,1.0,True,Tech,Alex Green,2023-12-12,3865,Tuesday,December
155,shadows of time,watching 'shadows of time' felt like staring into the soul of the universe as it begged for redemption.,8,2024-06-28,liam sawyer,Overly dramatic,Sci-Fi,103,18,0.8,True,Business,Alex Green,2023-04-11,548,Tuesday,April
156,silent echoes,watching 'silent echoes' felt like staring into the soul of the universe as it begged for redemption.,7,2024-03-31,victor frost,Overly dramatic,Action,101,17,0.7,True,Politics,Jane Smith,2023-04-01,3900,Saturday,April
157,silent echoes,watching 'silent echoes' felt like staring into the soul of the universe as it begged for redemption.,1,2024-12-19,marina santos,Overly dramatic,Drama,101,17,0.1,False,Politics,Maria Lopez,2023-03-10,3567,Friday,March
158,crimson pulse,watching 'crimson pulse' felt like staring into the soul of the universe as it begged for redemption.,2,2022-07-18,rachel gibson,Overly dramatic,Thriller,101,17,0.2,False,Politics,Maria Lopez,2023-04-16,2624,Sunday,April
159,the last horizon,'the last horizon' delivers a polished and thoughtfully constructed narrative. its thematic depth is supported by confident direction and a compelling emotional core.,3,2023-06-24,ethan stone,Professional critic,Drama,166,23,0.3,False,Tech,John Doe,2023-01-11,2997,Wednesday,January
160,neon nights,"'neon nights' transcends the pedestrian constraints of mainstream cinema, offering instead a meditation on the fragility of human consciousness.",6,2022-07-23,irene reeves,Pretentious film critic,Thriller,144,19,0.6,False,Politics,John Doe,2023-01-13,4635,Friday,January
161,crimson pulse,"'crimson pulse' is the cinematic equivalent of eating cold fries—still enjoyable, but you know it could've been better.",6,2024-10-28,oscar bennett,Comedy/snarky,Fantasy,119,18,0.6,False,World,Alex Green,2023-04-15,3187,Saturday,April
162,shadows of time,"'shadows of time' transcends the pedestrian constraints of mainstream cinema, offering instead a meditation on the fragility of human consciousness.",4,2023-02-14,ethan lowell,Pretentious film critic,Thriller,148,20,0.4,False,Tech,Jane Smith,2023-08-14,231,Monday,August
163,silent echoes,"'silent echoes' is the cinematic equivalent of eating cold fries—still enjoyable, but you know it could've been better.",6,2024-12-07,felix brooks,Comedy/snarky,Romance,119,18,0.6,False,Business,Jane Smith,2023-06-17,2620,Saturday,June
164,cyber alley,'cyber alley' delivers a polished and thoughtfully constructed narrative. its thematic depth is supported by confident direction and a compelling emotional core.,8,2024-10-12,liam grey,Professional critic,Thriller,161,22,0.8,True,Tech,John Doe,2023-10-17,313,Tuesday,October
165,broken memories,'broken memories' delivers a polished and thoughtfully constructed narrative. its thematic depth is supported by confident direction and a compelling emotional core.,9,2024-02-14,chloe sawyer,Professional critic,Fantasy,165,22,0.9,True,Politics,Maria Lopez,2023-04-10,3456,Monday,April
166,cyber alley,"'cyber alley' transcends the pedestrian constraints of mainstream cinema, offering instead a meditation on the fragility of human consciousness.",6,2022-04-16,nina harper,Pretentious film critic,Comedy,144,19,0.6,False,Politics,John Doe,2023-08-06,3998,Sunday,August
167,neon nights,"i just watched 'neon nights' and honestly, it was pretty good! not perfect, but definitely worth a watch.",5,2024-02-08,chloe albright,Casual viewer,Romance,105,18,0.5,False,World,Alex Green,2023-11-03,3897,Friday,November
168,neon nights,"'neon nights' transcends the pedestrian constraints of mainstream cinema, offering instead a meditation on the fragility of human consciousness.",4,2021-05-07,kevin castillo,Pretentious film critic,Sci-Fi,144,19,0.4,False,Business,John Doe,2023-12-11,1714,Monday,December
169,cyber alley,"'cyber alley' transcends the pedestrian constraints of mainstream cinema, offering instead a meditation on the fragility of human consciousness.",3,2024-12-28,tara frost,Pretentious film critic,Drama,144,19,0.3,False,Business,Maria Lopez,2023-07-30,3027,Sunday,July
170,galactic run,"'galactic run' transcends the pedestrian constraints of mainstream cinema, offering instead a meditation on the fragility of human consciousness.",4,2024-08-06,wendy frost,Pretentious film critic,Thriller,145,19,0.4,False,Tech,Jane Smith,2023-10-04,933,Wednesday,October
171,emerald sky,'emerald sky' delivers a polished and thoughtfully constructed narrative. its thematic depth is supported by confident direction and a compelling emotional core.,3,2021-10-11,sofia kensington,Professional critic,Romance,161,22,0.3,False,Politics,Alex Green,2023-08-11,1391,Friday,August
172,broken memories,"i just watched 'broken memories' and honestly, it was pretty good! not perfect, but definitely worth a watch.",9,2023-11-05,liam carson,Casual viewer,Drama,109,18,0.9,True,Politics,Maria Lopez,2023-06-06,1405,Tuesday,June
173,cyber alley,watching 'cyber alley' felt like staring into the soul of the universe as it begged for redemption.,1,2021-06-08,nina gibson,Overly dramatic,Comedy,99,17,0.1,False,Tech,Alex Green,2023-03-14,1483,Tuesday,March
174,silent echoes,"'silent echoes' is the cinematic equivalent of eating cold fries—still enjoyable, but you know it could've been better.",4,2023-02-07,wendy santos,Comedy/snarky,Fantasy,119,18,0.4,False,Sports,Jane Smith,2023-10-02,958,Monday,October
175,the last horizon,"'the last horizon' is the cinematic equivalent of eating cold fries—still enjoyable, but you know it could've been better.",6,2021-06-20,chloe lowell,Comedy/snarky,Sci-Fi,122,19,0.6,False,Politics,John Doe,2023-02-09,4945,Thursday,February
176,crimson pulse,'crimson pulse' delivers a polished and thoughtfully constructed narrative. its thematic depth is supported by confident direction and a compelling emotional core.,9,2024-11-26,liam brooks,Professional critic,Action,163,22,0.9,True,Business,John Doe,2023-08-23,3170,Wednesday,August
177,silent echoes,"'silent echoes' is the cinematic equivalent of eating cold fries—still enjoyable, but you know it could've been better.",1,2021-09-08,felix santos,Comedy/snarky,Drama,119,18,0.1,False,Tech,Jane Smith,2023-05-04,756,Thursday,May
178,cyber alley,"'cyber alley' transcends the pedestrian constraints of mainstream cinema, offering instead a meditation on the fragility of human consciousness.",3,2022-09-26,paula hughes,Pretentious film critic,Thriller,144,19,0.3,False,Tech,John Doe,2023-10-12,3429,Thursday,October
179,neon nights,"okay sooo 'neon nights' was kinda awesome?? like, not even kidding, i didn’t check my phone once.",6,2024-06-15,marina sawyer,Teen reviewer,Drama,97,17,0.6,False,World,John Doe,2023-06-02,2676,Friday,June
180,crimson pulse,"'crimson pulse' transcends the pedestrian constraints of mainstream cinema, offering instead a meditation on the fragility of human consciousness.",1,2024-06-15,irene holloway,Pretentious film critic,Drama,146,19,0.1,False,Politics,Alex Green,2023-05-27,2693,Saturday,May
181,emerald sky,"'emerald sky' transcends the pedestrian constraints of mainstream cinema, offering instead a meditation on the fragility of human consciousness.",9,2023-05-01,wendy albright,Pretentious film critic,Action,144,19,0.9,True,Politics,John Doe,2023-07-15,3205,Saturday,July
182,the last horizon,"'the last horizon' is the cinematic equivalent of eating cold fries—still enjoyable, but you know it could've been better.",8,2024-04-23,jordan rivers,Comedy/snarky,Action,122,19,0.8,True,Business,John Doe,2023-06-22,1610,Thursday,June
183,galactic run,'galactic run' delivers a polished and thoughtfully constructed narrative. its thematic depth is supported by confident direction and a compelling emotional core.,1,2023-10-11,tara rivers,Professional critic,Sci-Fi,162,22,0.1,False,Sports,Jane Smith,2023-07-31,908,Monday,July
184,galactic run,"okay sooo 'galactic run' was kinda awesome?? like, not even kidding, i didn’t check my phone once.",1,2022-04-06,jordan kensington,Teen reviewer,Drama,98,17,0.1,False,Business,Maria Lopez,2023-10-29,2476,Sunday,October
185,broken memories,"okay sooo 'broken memories' was kinda awesome?? like, not even kidding, i didn’t check my phone once.",5,2024-05-27,victor gibson,Teen reviewer,Drama,101,17,0.5,False,Sports,Jane Smith,2023-11-07,2353,Tuesday,November
186,neon nights,watching 'neon nights' felt like staring into the soul of the universe as it begged for redemption.,3,2023-01-29,maya harper,Overly dramatic,Drama,99,17,0.3,False,World,Jane Smith,2023-01-01,1230,Sunday,January
187,the last horizon,"'the last horizon' transcends the pedestrian constraints of mainstream cinema, offering instead a meditation on the fragility of human consciousness.",1,2023-07-07,liam kensington,Pretentious film critic,Drama,149,20,0.1,False,Business,Jane Smith,2023-05-19,695,Friday,May
188,the last horizon,'the last horizon' delivers a polished and thoughtfully constructed narrative. its thematic depth is supported by confident direction and a compelling emotional core.,2,2022-05-08,maya albright,Professional critic,Sci-Fi,166,23,0.2,False,Business,Jane Smith,2023-07-15,4950,Saturday,July
189,silent echoes,watching 'silent echoes' felt like staring into the soul of the universe as it begged for redemption.,8,2024-12-30,logan reeves,Overly dramatic,Drama,101,17,0.8,True,Politics,Maria Lopez,2023-08-08,1540,Tuesday,August
190,emerald sky,'emerald sky' delivers a polished and thoughtfully constructed narrative. its thematic depth is supported by confident direction and a compelling emotional core.,3,2022-12-26,paula hughes,Professional critic,Action,161,22,0.3,False,Business,Jane Smith,2023-12-22,424,Friday,December
191,the last horizon,"'the last horizon' transcends the pedestrian constraints of mainstream cinema, offering instead a meditation on the fragility of human consciousness.",5,2024-05-26,maya rivers,Pretentious film critic,Thriller,149,20,0.5,False,Politics,Alex Green,2023-06-12,762,Monday,June
192,silent echoes,watching 'silent echoes' felt like staring into the soul of the universe as it begged for redemption.,4,2024-05-07,tara turner,Overly dramatic,Sci-Fi,101,17,0.4,False,World,John Doe,2023-02-20,179,Monday,February
193,crimson pulse,'crimson pulse' delivers a polished and thoughtfully constructed narrative. its thematic depth is supported by confident direction and a compelling emotional core.,1,2023-01-28,sofia holloway,Professional critic,Sci-Fi,163,22,0.1,False,Sports,Alex Green,2023-08-31,183,Thursday,August
194,crimson pulse,"okay sooo 'crimson pulse' was kinda awesome?? like, not even kidding, i didn’t check my phone once.",2,2021-09-17,chloe harper,Teen reviewer,Fantasy,99,17,0.2,False,Business,John Doe,2023-12-25,2967,Monday,December
195,emerald sky,watching 'emerald sky' felt like staring into the soul of the universe as it begged for redemption.,2,2021-09-23,ethan harper,Overly dramatic,Action,99,17,0.2,False,World,Maria Lopez,2023-01-21,3568,Saturday,January
196,broken memories,"'broken memories' transcends the pedestrian constraints of mainstream cinema, offering instead a meditation on the fragility of human consciousness.",4,2022-11-16,sam kensington,Pretentious film critic,Sci-Fi,148,19,0.4,False,Politics,Maria Lopez,2023-06-21,2833,Wednesday,June
197,broken memories,"'broken memories' is the cinematic equivalent of eating cold fries—still enjoyable, but you know it could've been better.",9,2024-09-01,oscar harper,Comedy/snarky,Thriller,121,18,0.9,True,Sports,Jane Smith,2023-04-29,1741,Saturday,April
198,silent echoes,"i just watched 'silent echoes' and honestly, it was pretty good! not perfect, but definitely worth a watch.",4,2021-06-30,ethan kensington,Casual viewer,Thriller,107,18,0.4,False,Business,Maria Lopez,2023-05-09,948,Tuesday,May
199,the last horizon,"'the last horizon' is the cinematic equivalent of eating cold fries—still enjoyable, but you know it could've been better.",8,2021-03-08,victor carson,Comedy/snarky,Sci-Fi,122,19,0.8,True,Business,John Doe,2023-04-16,3242,Sunday,April
200,cyber alley,"'cyber alley' transcends the pedestrian constraints of mainstream cinema, offering instead a meditation on the fragility of human consciousness.",3,2022-06-30,liam santos,Pretentious film critic,Fantasy,144,19,0.3,False,Tech,Maria Lopez,2023-07-14,3906,Friday,July
201,the last horizon,watching 'the last horizon' felt like staring into the soul of the universe as it begged for redemption.,8,2022-04-24,paula carson,Overly dramatic,Sci-Fi,104,18,0.8,True,Business,Alex Green,2023-08-14,1831,Monday,August
202,broken memories,"'broken memories' is the cinematic equivalent of eating cold fries—still enjoyable, but you know it could've been better.",10,2024-04-04,ethan rivers,Comedy/snarky,Thriller,121,18,1.0,True,World,John Doe,2023-05-21,1460,Sunday,May
203,lost frequencies,'lost frequencies' delivers a polished and thoughtfully constructed narrative. its thematic depth is supported by confident direction and a compelling emotional core.,8,2021-01-25,maya lowell,Professional critic,Fantasy,166,22,0.8,True,Business,Maria Lopez,2023-09-29,1253,Friday,September
204,emerald sky,"i just watched 'emerald sky' and honestly, it was pretty good! not perfect, but definitely worth a watch.",4,2024-11-21,tara brooks,Casual viewer,Comedy,105,18,0.4,False,Business,Maria Lopez,2023-04-29,1942,Saturday,April
205,cyber alley,"'cyber alley' transcends the pedestrian constraints of mainstream cinema, offering instead a meditation on the fragility of human consciousness.",6,2023-07-08,victor turner,Pretentious film critic,Comedy,144,19,0.6,False,Tech,Maria Lopez,2023-02-03,463,Friday,February
206,the last horizon,"'the last horizon' transcends the pedestrian constraints of mainstream cinema, offering instead a meditation on the fragility of human consciousness.",4,2024-06-10,marina holloway,Pretentious film critic,Romance,149,20,0.4,False,Tech,John Doe,2023-06-01,4662,Thursday,June
207,neon nights,"i just watched 'neon nights' and honestly, it was pretty good! not perfect, but definitely worth a watch.",8,2024-05-24,ethan albright,Casual viewer,Comedy,105,18,0.8,True,Tech,Jane Smith,2023-02-08,2486,Wednesday,February
208,emerald sky,"okay sooo 'emerald sky' was kinda awesome?? like, not even kidding, i didn’t check my phone once.",2,2021-11-05,alex bennett,Teen reviewer,Sci-Fi,97,17,0.2,False,Business,Maria Lopez,2023-09-15,797,Friday,September
209,emerald sky,"'emerald sky' transcends the pedestrian constraints of mainstream cinema, offering instead a meditation on the fragility of human consciousness.",3,2024-03-23,oscar frost,Pretentious film critic,Fantasy,144,19,0.3,False,Sports,Maria Lopez,2023-09-24,3578,Sunday,September
210,the last horizon,"i just watched 'the last horizon' and honestly, it was pretty good! not perfect, but definitely worth a watch.",4,2024-04-08,sofia grey,Casual viewer,Drama,110,19,0.4,False,Sports,Alex Green,2023-01-07,1011,Saturday,January
211,cyber alley,watching 'cyber alley' felt like staring into the soul of the universe as it begged for redemption.,1,2022-01-31,maya castillo,Overly dramatic,Comedy,99,17,0.1,False,World,Jane Smith,2023-09-20,3712,Wednesday,September
212,emerald sky,watching 'emerald sky' felt like staring into the soul of the universe as it begged for redemption.,1,2022-07-19,wendy delaney,Overly dramatic,Sci-Fi,99,17,0.1,False,Business,Maria Lopez,2023-04-13,3499,Thursday,April
213,lost frequencies,"'lost frequencies' is the cinematic equivalent of eating cold fries—still enjoyable, but you know it could've been better.",8,2022-04-26,irene frost,Comedy/snarky,Sci-Fi,122,18,0.8,True,Tech,Maria Lopez,2023-11-28,4509,Tuesday,November
214,the last horizon,"'the last horizon' transcends the pedestrian constraints of mainstream cinema, offering instead a meditation on the fragility of human consciousness.",7,2021-05-29,marina harper,Pretentious film critic,Comedy,149,20,0.7,True,Sports,Jane Smith,2023-12-08,2974,Friday,December
215,crimson pulse,"'crimson pulse' is the cinematic equivalent of eating cold fries—still enjoyable, but you know it could've been better.",1,2021-03-31,ethan rivers,Comedy/snarky,Drama,119,18,0.1,False,Business,Jane Smith,2023-06-28,2364,Wednesday,June
216,lost frequencies,"'lost frequencies' transcends the pedestrian constraints of mainstream cinema, offering instead a meditation on the fragility of human consciousness.",2,2022-08-23,marina holloway,Pretentious film critic,Thriller,149,19,0.2,False,Tech,John Doe,2023-11-04,2417,Saturday,November
217,cyber alley,"'cyber alley' transcends the pedestrian constraints of mainstream cinema, offering instead a meditation on the fragility of human consciousness.",4,2021-05-29,sofia gibson,Pretentious film critic,Action,144,19,0.4,False,World,John Doe,2023-09-16,178,Saturday,September
218,neon nights,"'neon nights' transcends the pedestrian constraints of mainstream cinema, offering instead a meditation on the fragility of human consciousness.",5,2024-10-13,kevin hughes,Pretentious film critic,Fantasy,144,19,0.5,False,Sports,Maria Lopez,2023-11-29,3472,Wednesday,November
219,emerald sky,'emerald sky' delivers a polished and thoughtfully constructed narrative. its thematic depth is supported by confident direction and a compelling emotional core.,7,2024-10-08,alex sawyer,Professional critic,Comedy,161,22,0.7,True,Sports,Alex Green,2023-06-07,3263,Wednesday,June
220,the last horizon,"i just watched 'the last horizon' and honestly, it was pretty good! not perfect, but definitely worth a watch.",4,2021-06-27,victor grey,Casual viewer,Romance,110,19,0.4,False,Politics,John Doe,2023-01-10,2145,Tuesday,January
221,neon nights,"okay sooo 'neon nights' was kinda awesome?? like, not even kidding, i didn’t check my phone once.",3,2023-08-18,jordan albright,Teen reviewer,Romance,97,17,0.3,False,Tech,John Doe,2023-04-26,1723,Wednesday,April
222,the last horizon,"'the last horizon' transcends the pedestrian constraints of mainstream cinema, offering instead a meditation on the fragility of human consciousness.",7,2024-05-19,rachel turner,Pretentious film critic,Drama,149,20,0.7,True,Politics,Maria Lopez,2023-04-27,1713,Thursday,April
223,galactic run,'galactic run' delivers a polished and thoughtfully constructed narrative. its thematic depth is supported by confident direction and a compelling emotional core.,6,2022-04-04,logan gibson,Professional critic,Sci-Fi,162,22,0.6,False,World,Alex Green,2023-07-01,610,Saturday,July
224,lost frequencies,"okay sooo 'lost frequencies' was kinda awesome?? like, not even kidding, i didn’t check my phone once.",6,2024-05-26,felix holloway,Teen reviewer,Thriller,102,17,0.6,False,Politics,Jane Smith,2023-08-24,4306,Thursday,August
225,the last horizon,"'the last horizon' is the cinematic equivalent of eating cold fries—still enjoyable, but you know it could've been better.",4,2023-04-23,wendy holloway,Comedy/snarky,Comedy,122,19,0.4,False,Business,Alex Green,2023-07-13,4736,Thursday,July
226,emerald sky,"'emerald sky' is the cinematic equivalent of eating cold fries—still enjoyable, but you know it could've been better.",6,2021-05-07,nina frost,Comedy/snarky,Comedy,117,18,0.6,False,Sports,Maria Lopez,2023-10-27,2197,Friday,October
227,lost frequencies,"'lost frequencies' is the cinematic equivalent of eating cold fries—still enjoyable, but you know it could've been better.",2,2024-12-13,alex hughes,Comedy/snarky,Romance,122,18,0.2,False,Politics,Alex Green,2023-03-21,2491,Tuesday,March
228,crimson pulse,"'crimson pulse' transcends the pedestrian constraints of mainstream cinema, offering instead a meditation on the fragility of human consciousness.",10,2021-11-09,nina turner,Pretentious film critic,Thriller,146,19,1.0,True,Politics,Maria Lopez,2023-03-04,1598,Saturday,March
229,silent echoes,"okay sooo 'silent echoes' was kinda awesome?? like, not even kidding, i didn’t check my phone once.",4,2023-08-16,alex grey,Teen reviewer,Comedy,99,17,0.4,False,Tech,Maria Lopez,2023-11-29,1876,Wednesday,November
230,shadows of time,"okay sooo 'shadows of time' was kinda awesome?? like, not even kidding, i didn’t check my phone once.",2,2021-10-21,ethan kensington,Teen reviewer,Romance,101,18,0.2,False,Tech,John Doe,2023-02-17,1318,Friday,February
231,broken memories,watching 'broken memories' felt like staring into the soul of the universe as it begged for redemption.,3,2021-07-11,rachel carson,Overly dramatic,Drama,103,17,0.3,False,Politics,Maria Lopez,2023-03-18,2421,Saturday,March
232,emerald sky,"i just watched 'emerald sky' and honestly, it was pretty good! not perfect, but definitely worth a watch.",6,2021-10-21,jordan harper,Casual viewer,Romance,105,18,0.6,False,Business,Alex Green,2023-05-30,1444,Tuesday,May
233,the last horizon,"i just watched 'the last horizon' and honestly, it was pretty good! not perfect, but definitely worth a watch.",2,2022-01-15,felix lowell,Casual viewer,Thriller,110,19,0.2,False,Politics,Alex Green,2023-05-01,336,Monday,May
234,silent echoes,"okay sooo 'silent echoes' was kinda awesome?? like, not even kidding, i didn’t check my phone once.",7,2022-01-30,chloe harper,Teen reviewer,Comedy,99,17,0.7,True,Business,John Doe,2023-10-02,4858,Monday,October
235,silent echoes,"i just watched 'silent echoes' and honestly, it was pretty good! not perfect, but definitely worth a watch.",1,2021-11-15,paula kensington,Casual viewer,Fantasy,107,18,0.1,False,Politics,Maria Lopez,2023-12-12,2227,Tuesday,December
236,broken memories,"i just watched 'broken memories' and honestly, it was pretty good! not perfect, but definitely worth a watch.",4,2022-04-10,chloe santos,Casual viewer,Sci-Fi,109,18,0.4,False,World,Alex Green,2023-01-14,1286,Saturday,January
237,shadows of time,"'shadows of time' transcends the pedestrian constraints of mainstream cinema, offering instead a meditation on the fragility of human consciousness.",9,2022-05-22,nina bennett,Pretentious film critic,Comedy,148,20,0.9,True,World,Jane Smith,2023-08-11,3852,Friday,August
238,silent echoes,watching 'silent echoes' felt like staring into the soul of the universe as it begged for redemption.,9,2021-04-07,oscar santos,Overly dramatic,Thriller,101,17,0.9,True,Politics,John Doe,2023-04-03,3162,Monday,April
239,neon nights,watching 'neon nights' felt like staring into the soul of the universe as it begged for redemption.,5,2024-10-25,ethan brooks,Overly dramatic,Drama,99,17,0.5,False,Tech,Maria Lopez,2023-08-25,473,Friday,August
240,broken memories,"'broken memories' transcends the pedestrian constraints of mainstream cinema, offering instead a meditation on the fragility of human consciousness.",6,2021-06-14,sofia brooks,Pretentious film critic,Drama,148,19,0.6,False,Business,Jane Smith,2023-04-16,3332,Sunday,April
241,shadows of time,"i just watched 'shadows of time' and honestly, it was pretty good! not perfect, but definitely worth a watch.",10,2022-01-15,liam castillo,Casual viewer,Fantasy,109,19,1.0,True,World,Alex Green,2023-08-02,2574,Wednesday,August
242,lost frequencies,"i just watched 'lost frequencies' and honestly, it was pretty good! not perfect, but definitely worth a watch.",1,2024-08-16,liam delaney,Casual viewer,Fantasy,110,18,0.1,False,Business,Jane Smith,2023-01-07,1507,Saturday,January
243,cyber alley,"'cyber alley' transcends the pedestrian constraints of mainstream cinema, offering instead a meditation on the fragility of human consciousness.",2,2024-05-16,logan harper,Pretentious film critic,Action,144,19,0.2,False,Sports,Jane Smith,2023-04-11,711,Tuesday,April
244,galactic run,"'galactic run' is the cinematic equivalent of eating cold fries—still enjoyable, but you know it could've been better.",3,2025-01-08,sam sawyer,Comedy/snarky,Drama,118,18,0.3,False,Tech,John Doe,2023-02-18,4095,Saturday,February
245,galactic run,"i just watched 'galactic run' and honestly, it was pretty good! not perfect, but definitely worth a watch.",10,2023-05-22,felix harper,Casual viewer,Sci-Fi,106,18,1.0,True,Tech,Jane Smith,2023-02-10,2452,Friday,February
246,silent echoes,'silent echoes' delivers a polished and thoughtfully constructed narrative. its thematic depth is supported by confident direction and a compelling emotional core.,10,2023-03-29,maya castillo,Professional critic,Comedy,163,22,1.0,True,Sports,Jane Smith,2023-06-08,1774,Thursday,June
247,crimson pulse,'crimson pulse' delivers a polished and thoughtfully constructed narrative. its thematic depth is supported by confident direction and a compelling emotional core.,3,2023-06-20,chloe turner,Professional critic,Drama,163,22,0.3,False,Tech,Maria Lopez,2023-05-24,1397,Wednesday,May
248,lost frequencies,'lost frequencies' delivers a polished and thoughtfully constructed narrative. its thematic depth is supported by confident direction and a compelling emotional core.,10,2024-03-11,maya castillo,Professional critic,Drama,166,22,1.0,True,World,Jane Smith,2023-02-07,4667,Tuesday,February
249,neon nights,"i just watched 'neon nights' and honestly, it was pretty good! not perfect, but definitely worth a watch.",2,2023-10-14,sam sawyer,Casual viewer,Fantasy,105,18,0.2,False,Sports,Maria Lopez,2023-03-01,2433,Wednesday,March
250,broken memories,"'broken memories' transcends the pedestrian constraints of mainstream cinema, offering instead a meditation on the fragility of human consciousness.",6,2022-08-12,liam lowell,Pretentious film critic,Fantasy,148,19,0.6,False,World,Alex Green,2023-04-24,4810,Monday,April
251,galactic run,"okay sooo 'galactic run' was kinda awesome?? like, not even kidding, i didn’t check my phone once.",6,2021-07-02,sam santos,Teen reviewer,Sci-Fi,98,17,0.6,False,World,John Doe,2023-04-06,1759,Thursday,April
252,shadows of time,'shadows of time' delivers a polished and thoughtfully constructed narrative. its thematic depth is supported by confident direction and a compelling emotional core.,10,2021-04-09,logan rivers,Professional critic,Fantasy,165,23,1.0,True,Sports,Jane Smith,2023-12-19,4646,Tuesday,December
253,galactic run,"'galactic run' is the cinematic equivalent of eating cold fries—still enjoyable, but you know it could've been better.",5,2022-04-20,oscar lowell,Comedy/snarky,Action,118,18,0.5,False,Business,Jane Smith,2023-07-28,3649,Friday,July
254,broken memories,"i just watched 'broken memories' and honestly, it was pretty good! not perfect, but definitely worth a watch.",10,2024-09-13,irene kensington,Casual viewer,Fantasy,109,18,1.0,True,Business,Maria Lopez,2023-10-16,2795,Monday,October
255,silent echoes,"'silent echoes' transcends the pedestrian constraints of mainstream cinema, offering instead a meditation on the fragility of human consciousness.",7,2023-02-27,logan brooks,Pretentious film critic,Sci-Fi,146,19,0.7,True,Tech,Maria Lopez,2023-03-04,2733,Saturday,March
256,neon nights,"'neon nights' is the cinematic equivalent of eating cold fries—still enjoyable, but you know it could've been better.",1,2024-07-03,victor castillo,Comedy/snarky,Action,117,18,0.1,False,Sports,John Doe,2023-04-04,3643,Tuesday,April
257,shadows of time,"okay sooo 'shadows of time' was kinda awesome?? like, not even kidding, i didn’t check my phone once.",5,2022-09-16,wendy gibson,Teen reviewer,Fantasy,101,18,0.5,False,World,Jane Smith,2023-11-17,4597,Friday,November
258,neon nights,"'neon nights' is the cinematic equivalent of eating cold fries—still enjoyable, but you know it could've been better.",9,2024-10-27,marina sawyer,Comedy/snarky,Drama,117,18,0.9,True,Business,Alex Green,2023-12-13,343,Wednesday,December
259,lost frequencies,"i just watched 'lost frequencies' and honestly, it was pretty good! not perfect, but definitely worth a watch.",8,2024-03-21,alex sawyer,Casual viewer,Sci-Fi,110,18,0.8,True,Business,John Doe,2023-05-31,2681,Wednesday,May
260,shadows of time,"'shadows of time' is the cinematic equivalent of eating cold fries—still enjoyable, but you know it could've been better.",5,2024-09-21,wendy sawyer,Comedy/snarky,Action,121,19,0.5,False,Tech,Jane Smith,2023-10-20,3315,Friday,October
261,broken memories,"okay sooo 'broken memories' was kinda awesome?? like, not even kidding, i didn’t check my phone once.",2,2023-04-14,sofia holloway,Teen reviewer,Action,101,17,0.2,False,Tech,Alex Green,2023-03-25,2900,Saturday,March
262,silent echoes,"okay sooo 'silent echoes' was kinda awesome?? like, not even kidding, i didn’t check my phone once.",7,2021-01-18,oscar albright,Teen reviewer,Comedy,99,17,0.7,True,Tech,Jane Smith,2023-05-08,1781,Monday,May
263,galactic run,"'galactic run' transcends the pedestrian constraints of mainstream cinema, offering instead a meditation on the fragility of human consciousness.",1,2024-10-30,marina kensington,Pretentious film critic,Thriller,145,19,0.1,False,Tech,Alex Green,2023-09-19,3147,Tuesday,September
264,cyber alley,"i just watched 'cyber alley' and honestly, it was pretty good! not perfect, but definitely worth a watch.",7,2022-03-02,sam gibson,Casual viewer,Comedy,105,18,0.7,True,Sports,Jane Smith,2023-12-15,897,Friday,December
265,silent echoes,"i just watched 'silent echoes' and honestly, it was pretty good! not perfect, but definitely worth a watch.",7,2024-11-29,felix reeves,Casual viewer,Thriller,107,18,0.7,True,Politics,Maria Lopez,2023-06-04,2603,Sunday,June
266,silent echoes,'silent echoes' delivers a polished and thoughtfully constructed narrative. its thematic depth is supported by confident direction and a compelling emotional core.,10,2024-08-23,liam lowell,Professional critic,Comedy,163,22,1.0,True,Business,Alex Green,2023-08-30,4660,Wednesday,August
267,crimson pulse,"i just watched 'crimson pulse' and honestly, it was pretty good! not perfect, but definitely worth a watch.",5,2023-09-09,victor rivers,Casual viewer,Comedy,107,18,0.5,False,Tech,Maria Lopez,2023-03-25,2374,Saturday,March
268,lost frequencies,"'lost frequencies' is the cinematic equivalent of eating cold fries—still enjoyable, but you know it could've been better.",6,2021-06-02,wendy grey,Comedy/snarky,Action,122,18,0.6,False,World,Jane Smith,2023-05-16,3816,Tuesday,May
269,cyber alley,"i just watched 'cyber alley' and honestly, it was pretty good! not perfect, but definitely worth a watch.",5,2021-02-07,irene grey,Casual viewer,Comedy,105,18,0.5,False,Business,Alex Green,2023-06-30,545,Friday,June
270,emerald sky,watching 'emerald sky' felt like staring into the soul of the universe as it begged for redemption.,9,2022-11-18,maya turner,Overly dramatic,Romance,99,17,0.9,True,Tech,Maria Lopez,2023-03-22,1224,Wednesday,March
271,crimson pulse,"okay sooo 'crimson pulse' was kinda awesome?? like, not even kidding, i didn’t check my phone once.",10,2021-09-07,liam rivers,Teen reviewer,Comedy,99,17,1.0,True,Tech,Alex Green,2023-01-01,4228,Sunday,January
272,lost frequencies,"'lost frequencies' is the cinematic equivalent of eating cold fries—still enjoyable, but you know it could've been better.",7,2022-11-25,ethan bennett,Comedy/snarky,Action,122,18,0.7,True,Sports,Alex Green,2023-08-04,3253,Friday,August
273,lost frequencies,"'lost frequencies' transcends the pedestrian constraints of mainstream cinema, offering instead a meditation on the fragility of human consciousness.",6,2024-11-29,maya hughes,Pretentious film critic,Fantasy,149,19,0.6,False,Politics,Alex Green,2023-07-27,1755,Thursday,July
274,broken memories,"okay sooo 'broken memories' was kinda awesome?? like, not even kidding, i didn’t check my phone once.",5,2023-06-13,maya reeves,Teen reviewer,Action,101,17,0.5,False,Politics,John Doe,2023-11-27,2522,Monday,November
275,neon nights,watching 'neon nights' felt like staring into the soul of the universe as it begged for redemption.,1,2024-09-19,oscar stone,Overly dramatic,Drama,99,17,0.1,False,Sports,Maria Lopez,2023-09-10,1881,Sunday,September
276,the last horizon,watching 'the last horizon' felt like staring into the soul of the universe as it begged for redemption.,1,2021-03-04,alex lowell,Overly dramatic,Sci-Fi,104,18,0.1,False,World,Alex Green,2023-05-12,1407,Friday,May
277,lost frequencies,"'lost frequencies' is the cinematic equivalent of eating cold fries—still enjoyable, but you know it could've been better.",6,2024-02-21,paula albright,Comedy/snarky,Thriller,122,18,0.6,False,Politics,Alex Green,2023-03-03,1731,Friday,March
278,silent echoes,"okay sooo 'silent echoes' was kinda awesome?? like, not even kidding, i didn’t check my phone once.",8,2022-04-14,marina lowell,Teen reviewer,Drama,99,17,0.8,True,World,Maria Lopez,2023-11-20,2156,Monday,November
279,neon nights,'neon nights' delivers a polished and thoughtfully constructed narrative. its thematic depth is supported by confident direction and a compelling emotional core.,1,2024-07-07,paula bennett,Professional critic,Fantasy,161,22,0.1,False,Business,Alex Green,2023-05-25,3484,Thursday,May
280,emerald sky,watching 'emerald sky' felt like staring into the soul of the universe as it begged for redemption.,5,2022-05-12,marina albright,Overly dramatic,Drama,99,17,0.5,False,Business,Alex Green,2023-03-26,2115,Sunday,March
281,the last horizon,"i just watched 'the last horizon' and honestly, it was pretty good! not perfect, but definitely worth a watch.",6,2021-07-08,wendy carson,Casual viewer,Sci-Fi,110,19,0.6,False,Politics,John Doe,2023-04-27,286,Thursday,April
282,galactic run,"'galactic run' transcends the pedestrian constraints of mainstream cinema, offering instead a meditation on the fragility of human consciousness.",9,2022-05-04,sam stone,Pretentious film critic,Thriller,145,19,0.9,True,Politics,Jane Smith,2023-08-18,4066,Friday,August
283,crimson pulse,'crimson pulse' delivers a polished and thoughtfully constructed narrative. its thematic depth is supported by confident direction and a compelling emotional core.,6,2022-12-16,liam lowell,Professional critic,Romance,163,22,0.6,False,Business,John Doe,2023-09-13,4149,Wednesday,September
284,the last horizon,watching 'the last horizon' felt like staring into the soul of the universe as it begged for redemption.,6,2023-10-05,sam rivers,Overly dramatic,Thriller,104,18,0.6,False,Business,Maria Lopez,2023-11-09,2259,Thursday,November
285,the last horizon,'the last horizon' delivers a polished and thoughtfully constructed narrative. its thematic depth is supported by confident direction and a compelling emotional core.,7,2025-01-19,oscar albright,Professional critic,Romance,166,23,0.7,True,Politics,Alex Green,2023-11-15,4140,Wednesday,November
286,shadows of time,watching 'shadows of time' felt like staring into the soul of the universe as it begged for redemption.,9,2024-04-15,irene grey,Overly dramatic,Fantasy,103,18,0.9,True,Business,John Doe,2023-02-18,4443,Saturday,February
287,crimson pulse,watching 'crimson pulse' felt like staring into the soul of the universe as it begged for redemption.,3,2021-06-23,victor lowell,Overly dramatic,Sci-Fi,101,17,0.3,False,Politics,John Doe,2023-05-26,1104,Friday,May
288,neon nights,"'neon nights' is the cinematic equivalent of eating cold fries—still enjoyable, but you know it could've been better.",5,2022-05-31,felix reeves,Comedy/snarky,Drama,117,18,0.5,False,Sports,Alex Green,2023-01-10,3056,Tuesday,January
289,crimson pulse,'crimson pulse' delivers a polished and thoughtfully constructed narrative. its thematic depth is supported by confident direction and a compelling emotional core.,4,2023-08-15,irene bennett,Professional critic,Action,163,22,0.4,False,Tech,Maria Lopez,2023-07-10,3896,Monday,July
290,the last horizon,"okay sooo 'the last horizon' was kinda awesome?? like, not even kidding, i didn’t check my phone once.",10,2025-01-23,logan rivers,Teen reviewer,Drama,102,18,1.0,True,Politics,Jane Smith,2023-03-21,4943,Tuesday,March
291,silent echoes,watching 'silent echoes' felt like staring into the soul of the universe as it begged for redemption.,4,2022-10-22,felix delaney,Overly dramatic,Comedy,101,17,0.4,False,World,Maria Lopez,2023-08-19,4271,Saturday,August
292,lost frequencies,"i just watched 'lost frequencies' and honestly, it was pretty good! not perfect, but definitely worth a watch.",8,2023-10-16,kevin holloway,Casual viewer,Comedy,110,18,0.8,True,Politics,Alex Green,2023-07-26,3393,Wednesday,July
293,silent echoes,"'silent echoes' transcends the pedestrian constraints of mainstream cinema, offering instead a meditation on the fragility of human consciousness.",9,2022-02-18,irene gibson,Pretentious film critic,Drama,146,19,0.9,True,Business,Alex Green,2023-08-17,1164,Thursday,August
294,cyber alley,"'cyber alley' transcends the pedestrian constraints of mainstream cinema, offering instead a meditation on the fragility of human consciousness.",5,2023-03-16,sam lowell,Pretentious film critic,Drama,144,19,0.5,False,World,Jane Smith,2023-11-24,312,Friday,November
295,cyber alley,"okay sooo 'cyber alley' was kinda awesome?? like, not even kidding, i didn’t check my phone once.",7,2021-08-12,rachel frost,Teen reviewer,Thriller,97,17,0.7,True,World,Jane Smith,2023-11-15,1233,Wednesday,November
296,galactic run,"i just watched 'galactic run' and honestly, it was pretty good! not perfect, but definitely worth a watch.",9,2024-08-08,victor turner,Casual viewer,Sci-Fi,106,18,0.9,True,Tech,Alex Green,2023-10-07,4769,Saturday,October
297,neon nights,"i just watched 'neon nights' and honestly, it was pretty good! not perfect, but definitely worth a watch.",6,2022-08-18,sofia stone,Casual viewer,Drama,105,18,0.6,False,Politics,Maria Lopez,2023-12-14,4299,Thursday,December
298,the last horizon,'the last horizon' delivers a polished and thoughtfully constructed narrative. its thematic depth is supported by confident direction and a compelling emotional core.,1,2021-09-09,alex bennett,Professional critic,Sci-Fi,166,23,0.1,False,Sports,Jane Smith,2023-01-08,680,Sunday,January
299,lost frequencies,'lost frequencies' delivers a polished and thoughtfully constructed narrative. its thematic depth is supported by confident direction and a compelling emotional core.,8,2021-02-22,liam kensington,Professional critic,Thriller,166,22,0.8,True,World,Alex Green,2023-10-06,594,Friday,October
300,silent echoes,"i just watched 'silent echoes' and honestly, it was pretty good! not perfect, but definitely worth a watch.",3,2022-11-06,sofia bennett,Casual viewer,Drama,107,18,0.3,False,World,Jane Smith,2023-12-21,987,Thursday,December
