review_id,movie_title,review_text,rating,review_date,reviewer,style,genre,review_length,word_count,sentiment_score,would_recommend
1,Crimson Pulse,"I just watched 'Crimson Pulse' and honestly, it was pretty good! Not perfect, but definitely worth a watch.",3,2022-04-05,Jordan Frost,Casual viewer,Drama,107,18,0.3,False
2,Galactic Run,"I just watched 'Galactic Run' and honestly, it was pretty good! Not perfect, but definitely worth a watch.",8,2024-12-15,Nina Reeves,Casual viewer,Action,106,18,0.8,True
3,The Last Horizon,'The Last Horizon' delivers a polished and thoughtfully constructed narrative. Its thematic depth is supported by confident direction and a compelling emotional core.,5,2024-04-06,Nina Rivers,Professional critic,Action,166,23,0.5,False
4,Shadows of Time,"'Shadows of Time' transcends the pedestrian constraints of mainstream cinema, offering instead a meditation on the fragility of human consciousness.",10,2024-05-14,Alex Sawyer,Pretentious film critic,Sci-Fi,148,20,1.0,True
5,Cyber Alley,'Cyber Alley' delivers a polished and thoughtfully constructed narrative. Its thematic depth is supported by confident direction and a compelling emotional core.,8,2021-12-06,Sam Grey,Professional critic,Fantasy,161,22,0.8,True
6,Cyber Alley,"Okay sooo 'Cyber Alley' was kinda awesome?? Like, not even kidding, I didn’t check my phone once.",2,2021-01-07,Oscar Kensington,Teen reviewer,Romance,97,17,0.2,False
7,Lost Frequencies,Watching 'Lost Frequencies' felt like staring into the soul of the universe as it begged for redemption.,8,2022-06-02,Alex Turner,Overly dramatic,Drama,104,17,0.8,True
8,Neon Nights,Watching 'Neon Nights' felt like staring into the soul of the universe as it begged for redemption.,7,2023-05-07,Ethan Grey,Overly dramatic,Action,99,17,0.7,True
9,Neon Nights,"Okay sooo 'Neon Nights' was kinda awesome?? Like, not even kidding, I didn’t check my phone once.",7,2021-08-16,Liam Sawyer,Teen reviewer,Comedy,97,17,0.7,True
10,Crimson Pulse,"'Crimson Pulse' transcends the pedestrian constraints of mainstream cinema, offering instead a meditation on the fragility of human consciousness.",6,2023-04-24,Liam Frost,Pretentious film critic,Comedy,146,19,0.6,False
11,Cyber Alley,Watching 'Cyber Alley' felt like staring into the soul of the universe as it begged for redemption.,6,2023-10-29,Paula Harper,Overly dramatic,Thriller,99,17,0.6,False
12,Shadows of Time,"Okay sooo 'Shadows of Time' was kinda awesome?? Like, not even kidding, I didn’t check my phone once.",7,2022-12-28,Alex Frost,Teen reviewer,Sci-Fi,101,18,0.7,True
13,Lost Frequencies,"I just watched 'Lost Frequencies' and honestly, it was pretty good! Not perfect, but definitely worth a watch.",8,2021-08-26,Maya Santos,Casual viewer,Thriller,110,18,0.8,True
14,Cyber Alley,'Cyber Alley' delivers a polished and thoughtfully constructed narrative. Its thematic depth is supported by confident direction and a compelling emotional core.,4,2024-04-26,Rachel Turner,Professional critic,Drama,161,22,0.4,False
15,Broken Memories,"'Broken Memories' transcends the pedestrian constraints of mainstream cinema, offering instead a meditation on the fragility of human consciousness.",3,2024-08-04,Victor Harper,Pretentious film critic,Romance,148,19,0.3,False
16,Broken Memories,'Broken Memories' delivers a polished and thoughtfully constructed narrative. Its thematic depth is supported by confident direction and a compelling emotional core.,7,2023-04-06,Victor Lowell,Professional critic,Fantasy,165,22,0.7,True
17,Crimson Pulse,"Okay sooo 'Crimson Pulse' was kinda awesome?? Like, not even kidding, I didn’t check my phone once.",10,2023-06-07,Sofia Bennett,Teen reviewer,Fantasy,99,17,1.0,True
18,Silent Echoes,'Silent Echoes' delivers a polished and thoughtfully constructed narrative. Its thematic depth is supported by confident direction and a compelling emotional core.,3,2021-09-30,Logan Kensington,Professional critic,Drama,163,22,0.3,False
19,Crimson Pulse,"'Crimson Pulse' transcends the pedestrian constraints of mainstream cinema, offering instead a meditation on the fragility of human consciousness.",5,2021-06-29,Irene Holloway,Pretentious film critic,Fantasy,146,19,0.5,False
20,Neon Nights,"Okay sooo 'Neon Nights' was kinda awesome?? Like, not even kidding, I didn’t check my phone once.",1,2022-11-13,Logan Grey,Teen reviewer,Sci-Fi,97,17,0.1,False
21,Neon Nights,"I just watched 'Neon Nights' and honestly, it was pretty good! Not perfect, but definitely worth a watch.",7,2025-01-21,Alex Gibson,Casual viewer,Romance,105,18,0.7,True
22,Cyber Alley,"'Cyber Alley' is the cinematic equivalent of eating cold fries—still enjoyable, but you know it could've been better.",2,2024-12-06,Wendy Holloway,Comedy/snarky,Fantasy,117,18,0.2,False
23,Broken Memories,"'Broken Memories' transcends the pedestrian constraints of mainstream cinema, offering instead a meditation on the fragility of human consciousness.",7,2021-06-27,Sam Santos,Pretentious film critic,Drama,148,19,0.7,True
24,Broken Memories,Watching 'Broken Memories' felt like staring into the soul of the universe as it begged for redemption.,6,2024-04-11,Wendy Carson,Overly dramatic,Sci-Fi,103,17,0.6,False
25,Neon Nights,'Neon Nights' delivers a polished and thoughtfully constructed narrative. Its thematic depth is supported by confident direction and a compelling emotional core.,6,2025-01-11,Rachel Gibson,Professional critic,Thriller,161,22,0.6,False
26,Galactic Run,"'Galactic Run' is the cinematic equivalent of eating cold fries—still enjoyable, but you know it could've been better.",5,2021-05-14,Marina Harper,Comedy/snarky,Romance,118,18,0.5,False
27,Neon Nights,"'Neon Nights' transcends the pedestrian constraints of mainstream cinema, offering instead a meditation on the fragility of human consciousness.",4,2024-04-15,Kevin Reeves,Pretentious film critic,Romance,144,19,0.4,False
28,Silent Echoes,"I just watched 'Silent Echoes' and honestly, it was pretty good! Not perfect, but definitely worth a watch.",8,2023-08-04,Kevin Santos,Casual viewer,Comedy,107,18,0.8,True
29,Neon Nights,"I just watched 'Neon Nights' and honestly, it was pretty good! Not perfect, but definitely worth a watch.",4,2021-01-15,Felix Delaney,Casual viewer,Drama,105,18,0.4,False
30,Shadows of Time,"Okay sooo 'Shadows of Time' was kinda awesome?? Like, not even kidding, I didn’t check my phone once.",8,2022-07-01,Marina Rivers,Teen reviewer,Romance,101,18,0.8,True
31,Emerald Sky,"'Emerald Sky' transcends the pedestrian constraints of mainstream cinema, offering instead a meditation on the fragility of human consciousness.",9,2023-08-06,Chloe Stone,Pretentious film critic,Action,144,19,0.9,True
32,Emerald Sky,'Emerald Sky' delivers a polished and thoughtfully constructed narrative. Its thematic depth is supported by confident direction and a compelling emotional core.,5,2022-01-21,Tara Santos,Professional critic,Romance,161,22,0.5,False
33,Emerald Sky,Watching 'Emerald Sky' felt like staring into the soul of the universe as it begged for redemption.,2,2024-03-18,Sofia Castillo,Overly dramatic,Action,99,17,0.2,False
34,Neon Nights,"'Neon Nights' is the cinematic equivalent of eating cold fries—still enjoyable, but you know it could've been better.",1,2023-10-18,Wendy Turner,Comedy/snarky,Fantasy,117,18,0.1,False
35,Emerald Sky,"Okay sooo 'Emerald Sky' was kinda awesome?? Like, not even kidding, I didn’t check my phone once.",3,2023-03-16,Irene Lowell,Teen reviewer,Comedy,97,17,0.3,False
36,Galactic Run,"'Galactic Run' transcends the pedestrian constraints of mainstream cinema, offering instead a meditation on the fragility of human consciousness.",10,2022-06-22,Chloe Rivers,Pretentious film critic,Action,145,19,1.0,True
37,Lost Frequencies,Watching 'Lost Frequencies' felt like staring into the soul of the universe as it begged for redemption.,6,2022-10-10,Irene Hughes,Overly dramatic,Sci-Fi,104,17,0.6,False
38,Silent Echoes,"'Silent Echoes' transcends the pedestrian constraints of mainstream cinema, offering instead a meditation on the fragility of human consciousness.",9,2023-09-27,Irene Sawyer,Pretentious film critic,Sci-Fi,146,19,0.9,True
39,Crimson Pulse,"'Crimson Pulse' transcends the pedestrian constraints of mainstream cinema, offering instead a meditation on the fragility of human consciousness.",9,2024-01-17,Jordan Hughes,Pretentious film critic,Fantasy,146,19,0.9,True
40,Neon Nights,Watching 'Neon Nights' felt like staring into the soul of the universe as it begged for redemption.,9,2022-03-04,Victor Brooks,Overly dramatic,Sci-Fi,99,17,0.9,True
41,Galactic Run,"Okay sooo 'Galactic Run' was kinda awesome?? Like, not even kidding, I didn’t check my phone once.",10,2021-08-09,Tara Rivers,Teen reviewer,Fantasy,98,17,1.0,True
42,Lost Frequencies,'Lost Frequencies' delivers a polished and thoughtfully constructed narrative. Its thematic depth is supported by confident direction and a compelling emotional core.,1,2024-03-08,Sofia Hughes,Professional critic,Thriller,166,22,0.1,False
43,Neon Nights,"'Neon Nights' is the cinematic equivalent of eating cold fries—still enjoyable, but you know it could've been better.",6,2022-01-24,Kevin Santos,Comedy/snarky,Sci-Fi,117,18,0.6,False
44,Emerald Sky,"'Emerald Sky' transcends the pedestrian constraints of mainstream cinema, offering instead a meditation on the fragility of human consciousness.",8,2024-11-29,Victor Hughes,Pretentious film critic,Thriller,144,19,0.8,True
45,Lost Frequencies,Watching 'Lost Frequencies' felt like staring into the soul of the universe as it begged for redemption.,8,2021-03-16,Sofia Frost,Overly dramatic,Thriller,104,17,0.8,True
46,Lost Frequencies,"'Lost Frequencies' is the cinematic equivalent of eating cold fries—still enjoyable, but you know it could've been better.",6,2023-10-24,Logan Brooks,Comedy/snarky,Thriller,122,18,0.6,False
47,Shadows of Time,'Shadows of Time' delivers a polished and thoughtfully constructed narrative. Its thematic depth is supported by confident direction and a compelling emotional core.,8,2022-04-17,Sofia Reeves,Professional critic,Thriller,165,23,0.8,True
48,Cyber Alley,'Cyber Alley' delivers a polished and thoughtfully constructed narrative. Its thematic depth is supported by confident direction and a compelling emotional core.,4,2024-07-07,Alex Reeves,Professional critic,Comedy,161,22,0.4,False
49,Emerald Sky,"I just watched 'Emerald Sky' and honestly, it was pretty good! Not perfect, but definitely worth a watch.",7,2021-12-05,Sam Sawyer,Casual viewer,Action,105,18,0.7,True
50,Emerald Sky,"'Emerald Sky' transcends the pedestrian constraints of mainstream cinema, offering instead a meditation on the fragility of human consciousness.",10,2021-06-20,Nina Lowell,Pretentious film critic,Drama,144,19,1.0,True
51,Neon Nights,"I just watched 'Neon Nights' and honestly, it was pretty good! Not perfect, but definitely worth a watch.",7,2023-07-02,Liam Rivers,Casual viewer,Drama,105,18,0.7,True
52,The Last Horizon,"I just watched 'The Last Horizon' and honestly, it was pretty good! Not perfect, but definitely worth a watch.",9,2024-05-23,Logan Holloway,Casual viewer,Fantasy,110,19,0.9,True
53,Silent Echoes,Watching 'Silent Echoes' felt like staring into the soul of the universe as it begged for redemption.,1,2021-03-03,Wendy Lowell,Overly dramatic,Sci-Fi,101,17,0.1,False
54,Galactic Run,'Galactic Run' delivers a polished and thoughtfully constructed narrative. Its thematic depth is supported by confident direction and a compelling emotional core.,7,2023-11-17,Sofia Bennett,Professional critic,Drama,162,22,0.7,True
55,Silent Echoes,Watching 'Silent Echoes' felt like staring into the soul of the universe as it begged for redemption.,4,2024-01-14,Maya Hughes,Overly dramatic,Action,101,17,0.4,False
56,Silent Echoes,"'Silent Echoes' transcends the pedestrian constraints of mainstream cinema, offering instead a meditation on the fragility of human consciousness.",10,2024-10-31,Paula Delaney,Pretentious film critic,Thriller,146,19,1.0,True
57,Silent Echoes,"'Silent Echoes' transcends the pedestrian constraints of mainstream cinema, offering instead a meditation on the fragility of human consciousness.",3,2024-06-11,Victor Sawyer,Pretentious film critic,Drama,146,19,0.3,False
58,Cyber Alley,"'Cyber Alley' transcends the pedestrian constraints of mainstream cinema, offering instead a meditation on the fragility of human consciousness.",5,2024-08-09,Oscar Kensington,Pretentious film critic,Drama,144,19,0.5,False
59,Crimson Pulse,Watching 'Crimson Pulse' felt like staring into the soul of the universe as it begged for redemption.,9,2022-01-31,Liam Bennett,Overly dramatic,Fantasy,101,17,0.9,True
60,Lost Frequencies,"'Lost Frequencies' is the cinematic equivalent of eating cold fries—still enjoyable, but you know it could've been better.",9,2022-09-02,Victor Frost,Comedy/snarky,Fantasy,122,18,0.9,True
61,Emerald Sky,Watching 'Emerald Sky' felt like staring into the soul of the universe as it begged for redemption.,6,2022-03-26,Rachel Bennett,Overly dramatic,Comedy,99,17,0.6,False
62,The Last Horizon,"'The Last Horizon' is the cinematic equivalent of eating cold fries—still enjoyable, but you know it could've been better.",2,2024-07-29,Felix Holloway,Comedy/snarky,Sci-Fi,122,19,0.2,False
63,Silent Echoes,"'Silent Echoes' transcends the pedestrian constraints of mainstream cinema, offering instead a meditation on the fragility of human consciousness.",10,2024-02-03,Nina Frost,Pretentious film critic,Comedy,146,19,1.0,True
64,Cyber Alley,"Okay sooo 'Cyber Alley' was kinda awesome?? Like, not even kidding, I didn’t check my phone once.",6,2022-02-05,Felix Grey,Teen reviewer,Romance,97,17,0.6,False
65,Neon Nights,"'Neon Nights' is the cinematic equivalent of eating cold fries—still enjoyable, but you know it could've been better.",6,2023-11-01,Paula Turner,Comedy/snarky,Action,117,18,0.6,False
66,Cyber Alley,"I just watched 'Cyber Alley' and honestly, it was pretty good! Not perfect, but definitely worth a watch.",9,2023-10-31,Oscar Hughes,Casual viewer,Drama,105,18,0.9,True
67,Lost Frequencies,Watching 'Lost Frequencies' felt like staring into the soul of the universe as it begged for redemption.,9,2023-06-14,Tara Kensington,Overly dramatic,Action,104,17,0.9,True
68,Galactic Run,"'Galactic Run' is the cinematic equivalent of eating cold fries—still enjoyable, but you know it could've been better.",7,2023-08-14,Victor Sawyer,Comedy/snarky,Fantasy,118,18,0.7,True
69,Galactic Run,"Okay sooo 'Galactic Run' was kinda awesome?? Like, not even kidding, I didn’t check my phone once.",5,2024-02-11,Sam Harper,Teen reviewer,Fantasy,98,17,0.5,False
70,Cyber Alley,"I just watched 'Cyber Alley' and honestly, it was pretty good! Not perfect, but definitely worth a watch.",9,2021-10-12,Logan Santos,Casual viewer,Romance,105,18,0.9,True
71,Lost Frequencies,"'Lost Frequencies' transcends the pedestrian constraints of mainstream cinema, offering instead a meditation on the fragility of human consciousness.",2,2022-10-13,Sam Hughes,Pretentious film critic,Romance,149,19,0.2,False
72,Cyber Alley,"'Cyber Alley' transcends the pedestrian constraints of mainstream cinema, offering instead a meditation on the fragility of human consciousness.",4,2023-01-06,Marina Frost,Pretentious film critic,Thriller,144,19,0.4,False
73,Neon Nights,'Neon Nights' delivers a polished and thoughtfully constructed narrative. Its thematic depth is supported by confident direction and a compelling emotional core.,3,2022-11-06,Felix Kensington,Professional critic,Drama,161,22,0.3,False
74,Neon Nights,'Neon Nights' delivers a polished and thoughtfully constructed narrative. Its thematic depth is supported by confident direction and a compelling emotional core.,1,2022-06-18,Tara Carson,Professional critic,Fantasy,161,22,0.1,False
75,Cyber Alley,Watching 'Cyber Alley' felt like staring into the soul of the universe as it begged for redemption.,10,2023-11-22,Nina Carson,Overly dramatic,Thriller,99,17,1.0,True
76,Cyber Alley,"Okay sooo 'Cyber Alley' was kinda awesome?? Like, not even kidding, I didn’t check my phone once.",7,2023-04-04,Maya Gibson,Teen reviewer,Comedy,97,17,0.7,True
77,Neon Nights,"'Neon Nights' transcends the pedestrian constraints of mainstream cinema, offering instead a meditation on the fragility of human consciousness.",2,2023-01-14,Felix Bennett,Pretentious film critic,Thriller,144,19,0.2,False
78,Broken Memories,Watching 'Broken Memories' felt like staring into the soul of the universe as it begged for redemption.,7,2022-09-11,Paula Sawyer,Overly dramatic,Romance,103,17,0.7,True
79,Broken Memories,"Okay sooo 'Broken Memories' was kinda awesome?? Like, not even kidding, I didn’t check my phone once.",9,2023-05-31,Nina Grey,Teen reviewer,Drama,101,17,0.9,True
80,Emerald Sky,"I just watched 'Emerald Sky' and honestly, it was pretty good! Not perfect, but definitely worth a watch.",8,2024-04-05,Logan Turner,Casual viewer,Drama,105,18,0.8,True
81,Galactic Run,"'Galactic Run' transcends the pedestrian constraints of mainstream cinema, offering instead a meditation on the fragility of human consciousness.",1,2023-12-07,Alex Delaney,Pretentious film critic,Romance,145,19,0.1,False
82,Galactic Run,'Galactic Run' delivers a polished and thoughtfully constructed narrative. Its thematic depth is supported by confident direction and a compelling emotional core.,9,2024-11-22,Irene Delaney,Professional critic,Comedy,162,22,0.9,True
83,Neon Nights,Watching 'Neon Nights' felt like staring into the soul of the universe as it begged for redemption.,2,2024-01-10,Wendy Reeves,Overly dramatic,Romance,99,17,0.2,False
84,Cyber Alley,"'Cyber Alley' is the cinematic equivalent of eating cold fries—still enjoyable, but you know it could've been better.",10,2024-04-21,Ethan Lowell,Comedy/snarky,Action,117,18,1.0,True
85,Galactic Run,"I just watched 'Galactic Run' and honestly, it was pretty good! Not perfect, but definitely worth a watch.",8,2021-07-16,Nina Reeves,Casual viewer,Fantasy,106,18,0.8,True
86,Neon Nights,'Neon Nights' delivers a polished and thoughtfully constructed narrative. Its thematic depth is supported by confident direction and a compelling emotional core.,4,2024-11-04,Paula Bennett,Professional critic,Drama,161,22,0.4,False
87,Galactic Run,'Galactic Run' delivers a polished and thoughtfully constructed narrative. Its thematic depth is supported by confident direction and a compelling emotional core.,6,2022-02-07,Maya Sawyer,Professional critic,Sci-Fi,162,22,0.6,False
88,Cyber Alley,"'Cyber Alley' transcends the pedestrian constraints of mainstream cinema, offering instead a meditation on the fragility of human consciousness.",8,2023-10-08,Liam Gibson,Pretentious film critic,Thriller,144,19,0.8,True
89,Galactic Run,"Okay sooo 'Galactic Run' was kinda awesome?? Like, not even kidding, I didn’t check my phone once.",4,2024-08-06,Rachel Holloway,Teen reviewer,Sci-Fi,98,17,0.4,False
90,Silent Echoes,"Okay sooo 'Silent Echoes' was kinda awesome?? Like, not even kidding, I didn’t check my phone once.",7,2023-03-11,Jordan Holloway,Teen reviewer,Drama,99,17,0.7,True
91,Neon Nights,"'Neon Nights' is the cinematic equivalent of eating cold fries—still enjoyable, but you know it could've been better.",1,2022-07-14,Wendy Albright,Comedy/snarky,Sci-Fi,117,18,0.1,False
92,Emerald Sky,"Okay sooo 'Emerald Sky' was kinda awesome?? Like, not even kidding, I didn’t check my phone once.",5,2021-08-16,Jordan Lowell,Teen reviewer,Drama,97,17,0.5,False
93,Silent Echoes,"'Silent Echoes' transcends the pedestrian constraints of mainstream cinema, offering instead a meditation on the fragility of human consciousness.",2,2022-03-31,Ethan Castillo,Pretentious film critic,Thriller,146,19,0.2,False
94,Silent Echoes,"'Silent Echoes' is the cinematic equivalent of eating cold fries—still enjoyable, but you know it could've been better.",2,2024-07-06,Oscar Gibson,Comedy/snarky,Thriller,119,18,0.2,False
95,Crimson Pulse,Watching 'Crimson Pulse' felt like staring into the soul of the universe as it begged for redemption.,4,2023-03-15,Victor Albright,Overly dramatic,Romance,101,17,0.4,False
96,Lost Frequencies,"Okay sooo 'Lost Frequencies' was kinda awesome?? Like, not even kidding, I didn’t check my phone once.",1,2023-09-23,Nina Sawyer,Teen reviewer,Comedy,102,17,0.1,False
97,Neon Nights,'Neon Nights' delivers a polished and thoughtfully constructed narrative. Its thematic depth is supported by confident direction and a compelling emotional core.,7,2021-07-06,Jordan Stone,Professional critic,Fantasy,161,22,0.7,True
98,The Last Horizon,'The Last Horizon' delivers a polished and thoughtfully constructed narrative. Its thematic depth is supported by confident direction and a compelling emotional core.,5,2023-06-23,Alex Bennett,Professional critic,Comedy,166,23,0.5,False
99,The Last Horizon,"I just watched 'The Last Horizon' and honestly, it was pretty good! Not perfect, but definitely worth a watch.",10,2022-07-25,Oscar Stone,Casual viewer,Comedy,110,19,1.0,True
100,Neon Nights,"'Neon Nights' transcends the pedestrian constraints of mainstream cinema, offering instead a meditation on the fragility of human consciousness.",10,2022-10-21,Chloe Sawyer,Pretentious film critic,Comedy,144,19,1.0,True
101,Broken Memories,"'Broken Memories' is the cinematic equivalent of eating cold fries—still enjoyable, but you know it could've been better.",9,2024-12-07,Wendy Santos,Comedy/snarky,Sci-Fi,121,18,0.9,True
102,Crimson Pulse,Watching 'Crimson Pulse' felt like staring into the soul of the universe as it begged for redemption.,2,2024-10-05,Sam Kensington,Overly dramatic,Thriller,101,17,0.2,False
103,Emerald Sky,"I just watched 'Emerald Sky' and honestly, it was pretty good! Not perfect, but definitely worth a watch.",1,2023-04-22,Felix Sawyer,Casual viewer,Drama,105,18,0.1,False
104,Shadows of Time,Watching 'Shadows of Time' felt like staring into the soul of the universe as it begged for redemption.,1,2022-10-01,Victor Carson,Overly dramatic,Comedy,103,18,0.1,False
105,Neon Nights,"'Neon Nights' transcends the pedestrian constraints of mainstream cinema, offering instead a meditation on the fragility of human consciousness.",3,2023-10-30,Alex Reeves,Pretentious film critic,Fantasy,144,19,0.3,False
106,Lost Frequencies,"'Lost Frequencies' is the cinematic equivalent of eating cold fries—still enjoyable, but you know it could've been better.",5,2025-01-10,Sam Harper,Comedy/snarky,Sci-Fi,122,18,0.5,False
107,Galactic Run,"I just watched 'Galactic Run' and honestly, it was pretty good! Not perfect, but definitely worth a watch.",2,2022-10-04,Alex Brooks,Casual viewer,Romance,106,18,0.2,False
108,Cyber Alley,Watching 'Cyber Alley' felt like staring into the soul of the universe as it begged for redemption.,9,2022-11-19,Oscar Carson,Overly dramatic,Comedy,99,17,0.9,True
109,Cyber Alley,Watching 'Cyber Alley' felt like staring into the soul of the universe as it begged for redemption.,9,2023-01-24,Kevin Holloway,Overly dramatic,Action,99,17,0.9,True
110,Neon Nights,"Okay sooo 'Neon Nights' was kinda awesome?? Like, not even kidding, I didn’t check my phone once.",2,2022-12-11,Nina Albright,Teen reviewer,Comedy,97,17,0.2,False
111,Broken Memories,"I just watched 'Broken Memories' and honestly, it was pretty good! Not perfect, but definitely worth a watch.",1,2023-03-26,Felix Kensington,Casual viewer,Drama,109,18,0.1,False
112,The Last Horizon,'The Last Horizon' delivers a polished and thoughtfully constructed narrative. Its thematic depth is supported by confident direction and a compelling emotional core.,1,2023-03-19,Felix Brooks,Professional critic,Action,166,23,0.1,False
113,Lost Frequencies,"Okay sooo 'Lost Frequencies' was kinda awesome?? Like, not even kidding, I didn’t check my phone once.",3,2025-02-08,Wendy Turner,Teen reviewer,Fantasy,102,17,0.3,False
114,Emerald Sky,"'Emerald Sky' transcends the pedestrian constraints of mainstream cinema, offering instead a meditation on the fragility of human consciousness.",8,2023-01-03,Sofia Castillo,Pretentious film critic,Thriller,144,19,0.8,True
115,Silent Echoes,Watching 'Silent Echoes' felt like staring into the soul of the universe as it begged for redemption.,2,2023-08-23,Irene Turner,Overly dramatic,Action,101,17,0.2,False
116,The Last Horizon,Watching 'The Last Horizon' felt like staring into the soul of the universe as it begged for redemption.,7,2021-04-20,Liam Frost,Overly dramatic,Sci-Fi,104,18,0.7,True
117,Crimson Pulse,"Okay sooo 'Crimson Pulse' was kinda awesome?? Like, not even kidding, I didn’t check my phone once.",5,2025-01-05,Rachel Stone,Teen reviewer,Drama,99,17,0.5,False
118,Emerald Sky,"Okay sooo 'Emerald Sky' was kinda awesome?? Like, not even kidding, I didn’t check my phone once.",8,2024-12-11,Logan Holloway,Teen reviewer,Drama,97,17,0.8,True
119,Silent Echoes,"Okay sooo 'Silent Echoes' was kinda awesome?? Like, not even kidding, I didn’t check my phone once.",9,2024-09-04,Liam Harper,Teen reviewer,Action,99,17,0.9,True
120,Crimson Pulse,"'Crimson Pulse' transcends the pedestrian constraints of mainstream cinema, offering instead a meditation on the fragility of human consciousness.",6,2021-05-16,Marina Sawyer,Pretentious film critic,Drama,146,19,0.6,False
121,Lost Frequencies,"Okay sooo 'Lost Frequencies' was kinda awesome?? Like, not even kidding, I didn’t check my phone once.",6,2024-08-17,Ethan Reeves,Teen reviewer,Sci-Fi,102,17,0.6,False
122,Crimson Pulse,"I just watched 'Crimson Pulse' and honestly, it was pretty good! Not perfect, but definitely worth a watch.",7,2021-04-19,Felix Carson,Casual viewer,Fantasy,107,18,0.7,True
123,Shadows of Time,"Okay sooo 'Shadows of Time' was kinda awesome?? Like, not even kidding, I didn’t check my phone once.",7,2022-02-22,Nina Castillo,Teen reviewer,Drama,101,18,0.7,True
124,Crimson Pulse,"'Crimson Pulse' transcends the pedestrian constraints of mainstream cinema, offering instead a meditation on the fragility of human consciousness.",7,2024-11-28,Oscar Hughes,Pretentious film critic,Comedy,146,19,0.7,True
125,Lost Frequencies,Watching 'Lost Frequencies' felt like staring into the soul of the universe as it begged for redemption.,7,2021-11-19,Tara Bennett,Overly dramatic,Fantasy,104,17,0.7,True
126,Shadows of Time,"'Shadows of Time' transcends the pedestrian constraints of mainstream cinema, offering instead a meditation on the fragility of human consciousness.",1,2022-05-04,Maya Rivers,Pretentious film critic,Thriller,148,20,0.1,False
127,Emerald Sky,"'Emerald Sky' is the cinematic equivalent of eating cold fries—still enjoyable, but you know it could've been better.",4,2023-07-28,Kevin Hughes,Comedy/snarky,Thriller,117,18,0.4,False
128,Silent Echoes,"'Silent Echoes' transcends the pedestrian constraints of mainstream cinema, offering instead a meditation on the fragility of human consciousness.",10,2021-07-25,Alex Bennett,Pretentious film critic,Fantasy,146,19,1.0,True
129,Neon Nights,'Neon Nights' delivers a polished and thoughtfully constructed narrative. Its thematic depth is supported by confident direction and a compelling emotional core.,2,2022-03-10,Felix Gibson,Professional critic,Fantasy,161,22,0.2,False
130,Neon Nights,'Neon Nights' delivers a polished and thoughtfully constructed narrative. Its thematic depth is supported by confident direction and a compelling emotional core.,6,2024-07-12,Sam Reeves,Professional critic,Sci-Fi,161,22,0.6,False
131,Neon Nights,"'Neon Nights' transcends the pedestrian constraints of mainstream cinema, offering instead a meditation on the fragility of human consciousness.",4,2023-03-25,Felix Reeves,Pretentious film critic,Sci-Fi,144,19,0.4,False
132,Broken Memories,"'Broken Memories' transcends the pedestrian constraints of mainstream cinema, offering instead a meditation on the fragility of human consciousness.",7,2024-01-16,Chloe Brooks,Pretentious film critic,Thriller,148,19,0.7,True
133,Shadows of Time,"Okay sooo 'Shadows of Time' was kinda awesome?? Like, not even kidding, I didn’t check my phone once.",7,2024-06-28,Kevin Reeves,Teen reviewer,Thriller,101,18,0.7,True
134,Lost Frequencies,'Lost Frequencies' delivers a polished and thoughtfully constructed narrative. Its thematic depth is supported by confident direction and a compelling emotional core.,9,2024-01-04,Liam Delaney,Professional critic,Comedy,166,22,0.9,True
135,The Last Horizon,"'The Last Horizon' transcends the pedestrian constraints of mainstream cinema, offering instead a meditation on the fragility of human consciousness.",7,2023-12-07,Alex Reeves,Pretentious film critic,Sci-Fi,149,20,0.7,True
136,Silent Echoes,"'Silent Echoes' transcends the pedestrian constraints of mainstream cinema, offering instead a meditation on the fragility of human consciousness.",2,2021-12-20,Maya Sawyer,Pretentious film critic,Thriller,146,19,0.2,False
137,Shadows of Time,"'Shadows of Time' is the cinematic equivalent of eating cold fries—still enjoyable, but you know it could've been better.",4,2024-12-24,Oscar Albright,Comedy/snarky,Sci-Fi,121,19,0.4,False
138,Neon Nights,"I just watched 'Neon Nights' and honestly, it was pretty good! Not perfect, but definitely worth a watch.",6,2023-12-21,Jordan Reeves,Casual viewer,Romance,105,18,0.6,False
139,Lost Frequencies,"Okay sooo 'Lost Frequencies' was kinda awesome?? Like, not even kidding, I didn’t check my phone once.",2,2024-07-10,Tara Delaney,Teen reviewer,Thriller,102,17,0.2,False
140,Neon Nights,'Neon Nights' delivers a polished and thoughtfully constructed narrative. Its thematic depth is supported by confident direction and a compelling emotional core.,9,2021-04-02,Victor Holloway,Professional critic,Action,161,22,0.9,True
141,Lost Frequencies,"'Lost Frequencies' transcends the pedestrian constraints of mainstream cinema, offering instead a meditation on the fragility of human consciousness.",7,2023-08-18,Sofia Santos,Pretentious film critic,Drama,149,19,0.7,True
142,Galactic Run,"I just watched 'Galactic Run' and honestly, it was pretty good! Not perfect, but definitely worth a watch.",5,2023-02-04,Felix Lowell,Casual viewer,Drama,106,18,0.5,False
143,Lost Frequencies,'Lost Frequencies' delivers a polished and thoughtfully constructed narrative. Its thematic depth is supported by confident direction and a compelling emotional core.,6,2024-03-12,Paula Bennett,Professional critic,Drama,166,22,0.6,False
144,Shadows of Time,"'Shadows of Time' is the cinematic equivalent of eating cold fries—still enjoyable, but you know it could've been better.",4,2025-02-05,Liam Santos,Comedy/snarky,Action,121,19,0.4,False
145,Lost Frequencies,'Lost Frequencies' delivers a polished and thoughtfully constructed narrative. Its thematic depth is supported by confident direction and a compelling emotional core.,3,2023-10-12,Paula Albright,Professional critic,Action,166,22,0.3,False
146,Neon Nights,"'Neon Nights' transcends the pedestrian constraints of mainstream cinema, offering instead a meditation on the fragility of human consciousness.",2,2024-03-26,Wendy Stone,Pretentious film critic,Thriller,144,19,0.2,False
147,The Last Horizon,"'The Last Horizon' transcends the pedestrian constraints of mainstream cinema, offering instead a meditation on the fragility of human consciousness.",6,2023-12-13,Oscar Gibson,Pretentious film critic,Drama,149,20,0.6,False
148,Cyber Alley,"I just watched 'Cyber Alley' and honestly, it was pretty good! Not perfect, but definitely worth a watch.",2,2021-06-30,Chloe Brooks,Casual viewer,Thriller,105,18,0.2,False
149,Silent Echoes,"'Silent Echoes' is the cinematic equivalent of eating cold fries—still enjoyable, but you know it could've been better.",10,2021-08-29,Kevin Carson,Comedy/snarky,Drama,119,18,1.0,True
150,Galactic Run,"'Galactic Run' is the cinematic equivalent of eating cold fries—still enjoyable, but you know it could've been better.",7,2022-04-02,Paula Kensington,Comedy/snarky,Drama,118,18,0.7,True
151,Emerald Sky,"'Emerald Sky' is the cinematic equivalent of eating cold fries—still enjoyable, but you know it could've been better.",2,2021-09-07,Oscar Bennett,Comedy/snarky,Drama,117,18,0.2,False
152,Silent Echoes,Watching 'Silent Echoes' felt like staring into the soul of the universe as it begged for redemption.,9,2024-07-06,Alex Turner,Overly dramatic,Sci-Fi,101,17,0.9,True
153,Silent Echoes,"'Silent Echoes' is the cinematic equivalent of eating cold fries—still enjoyable, but you know it could've been better.",5,2023-08-20,Felix Sawyer,Comedy/snarky,Romance,119,18,0.5,False
154,Broken Memories,"'Broken Memories' is the cinematic equivalent of eating cold fries—still enjoyable, but you know it could've been better.",10,2024-05-07,Logan Castillo,Comedy/snarky,Action,121,18,1.0,True
155,Shadows of Time,Watching 'Shadows of Time' felt like staring into the soul of the universe as it begged for redemption.,8,2024-06-28,Liam Sawyer,Overly dramatic,Sci-Fi,103,18,0.8,True
156,Silent Echoes,Watching 'Silent Echoes' felt like staring into the soul of the universe as it begged for redemption.,7,2024-03-31,Victor Frost,Overly dramatic,Action,101,17,0.7,True
157,Silent Echoes,Watching 'Silent Echoes' felt like staring into the soul of the universe as it begged for redemption.,1,2024-12-19,Marina Santos,Overly dramatic,Drama,101,17,0.1,False
158,Crimson Pulse,Watching 'Crimson Pulse' felt like staring into the soul of the universe as it begged for redemption.,2,2022-07-18,Rachel Gibson,Overly dramatic,Thriller,101,17,0.2,False
159,The Last Horizon,'The Last Horizon' delivers a polished and thoughtfully constructed narrative. Its thematic depth is supported by confident direction and a compelling emotional core.,3,2023-06-24,Ethan Stone,Professional critic,Drama,166,23,0.3,False
160,Neon Nights,"'Neon Nights' transcends the pedestrian constraints of mainstream cinema, offering instead a meditation on the fragility of human consciousness.",6,2022-07-23,Irene Reeves,Pretentious film critic,Thriller,144,19,0.6,False
161,Crimson Pulse,"'Crimson Pulse' is the cinematic equivalent of eating cold fries—still enjoyable, but you know it could've been better.",6,2024-10-28,Oscar Bennett,Comedy/snarky,Fantasy,119,18,0.6,False
162,Shadows of Time,"'Shadows of Time' transcends the pedestrian constraints of mainstream cinema, offering instead a meditation on the fragility of human consciousness.",4,2023-02-14,Ethan Lowell,Pretentious film critic,Thriller,148,20,0.4,False
163,Silent Echoes,"'Silent Echoes' is the cinematic equivalent of eating cold fries—still enjoyable, but you know it could've been better.",6,2024-12-07,Felix Brooks,Comedy/snarky,Romance,119,18,0.6,False
164,Cyber Alley,'Cyber Alley' delivers a polished and thoughtfully constructed narrative. Its thematic depth is supported by confident direction and a compelling emotional core.,8,2024-10-12,Liam Grey,Professional critic,Thriller,161,22,0.8,True
165,Broken Memories,'Broken Memories' delivers a polished and thoughtfully constructed narrative. Its thematic depth is supported by confident direction and a compelling emotional core.,9,2024-02-14,Chloe Sawyer,Professional critic,Fantasy,165,22,0.9,True
166,Cyber Alley,"'Cyber Alley' transcends the pedestrian constraints of mainstream cinema, offering instead a meditation on the fragility of human consciousness.",6,2022-04-16,Nina Harper,Pretentious film critic,Comedy,144,19,0.6,False
167,Neon Nights,"I just watched 'Neon Nights' and honestly, it was pretty good! Not perfect, but definitely worth a watch.",5,2024-02-08,Chloe Albright,Casual viewer,Romance,105,18,0.5,False
168,Neon Nights,"'Neon Nights' transcends the pedestrian constraints of mainstream cinema, offering instead a meditation on the fragility of human consciousness.",4,2021-05-07,Kevin Castillo,Pretentious film critic,Sci-Fi,144,19,0.4,False
169,Cyber Alley,"'Cyber Alley' transcends the pedestrian constraints of mainstream cinema, offering instead a meditation on the fragility of human consciousness.",3,2024-12-28,Tara Frost,Pretentious film critic,Drama,144,19,0.3,False
170,Galactic Run,"'Galactic Run' transcends the pedestrian constraints of mainstream cinema, offering instead a meditation on the fragility of human consciousness.",4,2024-08-06,Wendy Frost,Pretentious film critic,Thriller,145,19,0.4,False
171,Emerald Sky,'Emerald Sky' delivers a polished and thoughtfully constructed narrative. Its thematic depth is supported by confident direction and a compelling emotional core.,3,2021-10-11,Sofia Kensington,Professional critic,Romance,161,22,0.3,False
172,Broken Memories,"I just watched 'Broken Memories' and honestly, it was pretty good! Not perfect, but definitely worth a watch.",9,2023-11-05,Liam Carson,Casual viewer,Drama,109,18,0.9,True
173,Cyber Alley,Watching 'Cyber Alley' felt like staring into the soul of the universe as it begged for redemption.,1,2021-06-08,Nina Gibson,Overly dramatic,Comedy,99,17,0.1,False
174,Silent Echoes,"'Silent Echoes' is the cinematic equivalent of eating cold fries—still enjoyable, but you know it could've been better.",4,2023-02-07,Wendy Santos,Comedy/snarky,Fantasy,119,18,0.4,False
175,The Last Horizon,"'The Last Horizon' is the cinematic equivalent of eating cold fries—still enjoyable, but you know it could've been better.",6,2021-06-20,Chloe Lowell,Comedy/snarky,Sci-Fi,122,19,0.6,False
176,Crimson Pulse,'Crimson Pulse' delivers a polished and thoughtfully constructed narrative. Its thematic depth is supported by confident direction and a compelling emotional core.,9,2024-11-26,Liam Brooks,Professional critic,Action,163,22,0.9,True
177,Silent Echoes,"'Silent Echoes' is the cinematic equivalent of eating cold fries—still enjoyable, but you know it could've been better.",1,2021-09-08,Felix Santos,Comedy/snarky,Drama,119,18,0.1,False
178,Cyber Alley,"'Cyber Alley' transcends the pedestrian constraints of mainstream cinema, offering instead a meditation on the fragility of human consciousness.",3,2022-09-26,Paula Hughes,Pretentious film critic,Thriller,144,19,0.3,False
179,Neon Nights,"Okay sooo 'Neon Nights' was kinda awesome?? Like, not even kidding, I didn’t check my phone once.",6,2024-06-15,Marina Sawyer,Teen reviewer,Drama,97,17,0.6,False
180,Crimson Pulse,"'Crimson Pulse' transcends the pedestrian constraints of mainstream cinema, offering instead a meditation on the fragility of human consciousness.",1,2024-06-15,Irene Holloway,Pretentious film critic,Drama,146,19,0.1,False
181,Emerald Sky,"'Emerald Sky' transcends the pedestrian constraints of mainstream cinema, offering instead a meditation on the fragility of human consciousness.",9,2023-05-01,Wendy Albright,Pretentious film critic,Action,144,19,0.9,True
182,The Last Horizon,"'The Last Horizon' is the cinematic equivalent of eating cold fries—still enjoyable, but you know it could've been better.",8,2024-04-23,Jordan Rivers,Comedy/snarky,Action,122,19,0.8,True
183,Galactic Run,'Galactic Run' delivers a polished and thoughtfully constructed narrative. Its thematic depth is supported by confident direction and a compelling emotional core.,1,2023-10-11,Tara Rivers,Professional critic,Sci-Fi,162,22,0.1,False
184,Galactic Run,"Okay sooo 'Galactic Run' was kinda awesome?? Like, not even kidding, I didn’t check my phone once.",1,2022-04-06,Jordan Kensington,Teen reviewer,Drama,98,17,0.1,False
185,Broken Memories,"Okay sooo 'Broken Memories' was kinda awesome?? Like, not even kidding, I didn’t check my phone once.",5,2024-05-27,Victor Gibson,Teen reviewer,Drama,101,17,0.5,False
186,Neon Nights,Watching 'Neon Nights' felt like staring into the soul of the universe as it begged for redemption.,3,2023-01-29,Maya Harper,Overly dramatic,Drama,99,17,0.3,False
187,The Last Horizon,"'The Last Horizon' transcends the pedestrian constraints of mainstream cinema, offering instead a meditation on the fragility of human consciousness.",1,2023-07-07,Liam Kensington,Pretentious film critic,Drama,149,20,0.1,False
188,The Last Horizon,'The Last Horizon' delivers a polished and thoughtfully constructed narrative. Its thematic depth is supported by confident direction and a compelling emotional core.,2,2022-05-08,Maya Albright,Professional critic,Sci-Fi,166,23,0.2,False
189,Silent Echoes,Watching 'Silent Echoes' felt like staring into the soul of the universe as it begged for redemption.,8,2024-12-30,Logan Reeves,Overly dramatic,Drama,101,17,0.8,True
190,Emerald Sky,'Emerald Sky' delivers a polished and thoughtfully constructed narrative. Its thematic depth is supported by confident direction and a compelling emotional core.,3,2022-12-26,Paula Hughes,Professional critic,Action,161,22,0.3,False
191,The Last Horizon,"'The Last Horizon' transcends the pedestrian constraints of mainstream cinema, offering instead a meditation on the fragility of human consciousness.",5,2024-05-26,Maya Rivers,Pretentious film critic,Thriller,149,20,0.5,False
192,Silent Echoes,Watching 'Silent Echoes' felt like staring into the soul of the universe as it begged for redemption.,4,2024-05-07,Tara Turner,Overly dramatic,Sci-Fi,101,17,0.4,False
193,Crimson Pulse,'Crimson Pulse' delivers a polished and thoughtfully constructed narrative. Its thematic depth is supported by confident direction and a compelling emotional core.,1,2023-01-28,Sofia Holloway,Professional critic,Sci-Fi,163,22,0.1,False
194,Crimson Pulse,"Okay sooo 'Crimson Pulse' was kinda awesome?? Like, not even kidding, I didn’t check my phone once.",2,2021-09-17,Chloe Harper,Teen reviewer,Fantasy,99,17,0.2,False
195,Emerald Sky,Watching 'Emerald Sky' felt like staring into the soul of the universe as it begged for redemption.,2,2021-09-23,Ethan Harper,Overly dramatic,Action,99,17,0.2,False
196,Broken Memories,"'Broken Memories' transcends the pedestrian constraints of mainstream cinema, offering instead a meditation on the fragility of human consciousness.",4,2022-11-16,Sam Kensington,Pretentious film critic,Sci-Fi,148,19,0.4,False
197,Broken Memories,"'Broken Memories' is the cinematic equivalent of eating cold fries—still enjoyable, but you know it could've been better.",9,2024-09-01,Oscar Harper,Comedy/snarky,Thriller,121,18,0.9,True
198,Silent Echoes,"I just watched 'Silent Echoes' and honestly, it was pretty good! Not perfect, but definitely worth a watch.",4,2021-06-30,Ethan Kensington,Casual viewer,Thriller,107,18,0.4,False
199,The Last Horizon,"'The Last Horizon' is the cinematic equivalent of eating cold fries—still enjoyable, but you know it could've been better.",8,2021-03-08,Victor Carson,Comedy/snarky,Sci-Fi,122,19,0.8,True
200,Cyber Alley,"'Cyber Alley' transcends the pedestrian constraints of mainstream cinema, offering instead a meditation on the fragility of human consciousness.",3,2022-06-30,Liam Santos,Pretentious film critic,Fantasy,144,19,0.3,False
201,The Last Horizon,Watching 'The Last Horizon' felt like staring into the soul of the universe as it begged for redemption.,8,2022-04-24,Paula Carson,Overly dramatic,Sci-Fi,104,18,0.8,True
202,Broken Memories,"'Broken Memories' is the cinematic equivalent of eating cold fries—still enjoyable, but you know it could've been better.",10,2024-04-04,Ethan Rivers,Comedy/snarky,Thriller,121,18,1.0,True
203,Lost Frequencies,'Lost Frequencies' delivers a polished and thoughtfully constructed narrative. Its thematic depth is supported by confident direction and a compelling emotional core.,8,2021-01-25,Maya Lowell,Professional critic,Fantasy,166,22,0.8,True
204,Emerald Sky,"I just watched 'Emerald Sky' and honestly, it was pretty good! Not perfect, but definitely worth a watch.",4,2024-11-21,Tara Brooks,Casual viewer,Comedy,105,18,0.4,False
205,Cyber Alley,"'Cyber Alley' transcends the pedestrian constraints of mainstream cinema, offering instead a meditation on the fragility of human consciousness.",6,2023-07-08,Victor Turner,Pretentious film critic,Comedy,144,19,0.6,False
206,The Last Horizon,"'The Last Horizon' transcends the pedestrian constraints of mainstream cinema, offering instead a meditation on the fragility of human consciousness.",4,2024-06-10,Marina Holloway,Pretentious film critic,Romance,149,20,0.4,False
207,Neon Nights,"I just watched 'Neon Nights' and honestly, it was pretty good! Not perfect, but definitely worth a watch.",8,2024-05-24,Ethan Albright,Casual viewer,Comedy,105,18,0.8,True
208,Emerald Sky,"Okay sooo 'Emerald Sky' was kinda awesome?? Like, not even kidding, I didn’t check my phone once.",2,2021-11-05,Alex Bennett,Teen reviewer,Sci-Fi,97,17,0.2,False
209,Emerald Sky,"'Emerald Sky' transcends the pedestrian constraints of mainstream cinema, offering instead a meditation on the fragility of human consciousness.",3,2024-03-23,Oscar Frost,Pretentious film critic,Fantasy,144,19,0.3,False
210,The Last Horizon,"I just watched 'The Last Horizon' and honestly, it was pretty good! Not perfect, but definitely worth a watch.",4,2024-04-08,Sofia Grey,Casual viewer,Drama,110,19,0.4,False
211,Cyber Alley,Watching 'Cyber Alley' felt like staring into the soul of the universe as it begged for redemption.,1,2022-01-31,Maya Castillo,Overly dramatic,Comedy,99,17,0.1,False
212,Emerald Sky,Watching 'Emerald Sky' felt like staring into the soul of the universe as it begged for redemption.,1,2022-07-19,Wendy Delaney,Overly dramatic,Sci-Fi,99,17,0.1,False
213,Lost Frequencies,"'Lost Frequencies' is the cinematic equivalent of eating cold fries—still enjoyable, but you know it could've been better.",8,2022-04-26,Irene Frost,Comedy/snarky,Sci-Fi,122,18,0.8,True
214,The Last Horizon,"'The Last Horizon' transcends the pedestrian constraints of mainstream cinema, offering instead a meditation on the fragility of human consciousness.",7,2021-05-29,Marina Harper,Pretentious film critic,Comedy,149,20,0.7,True
215,Crimson Pulse,"'Crimson Pulse' is the cinematic equivalent of eating cold fries—still enjoyable, but you know it could've been better.",1,2021-03-31,Ethan Rivers,Comedy/snarky,Drama,119,18,0.1,False
216,Lost Frequencies,"'Lost Frequencies' transcends the pedestrian constraints of mainstream cinema, offering instead a meditation on the fragility of human consciousness.",2,2022-08-23,Marina Holloway,Pretentious film critic,Thriller,149,19,0.2,False
217,Cyber Alley,"'Cyber Alley' transcends the pedestrian constraints of mainstream cinema, offering instead a meditation on the fragility of human consciousness.",4,2021-05-29,Sofia Gibson,Pretentious film critic,Action,144,19,0.4,False
218,Neon Nights,"'Neon Nights' transcends the pedestrian constraints of mainstream cinema, offering instead a meditation on the fragility of human consciousness.",5,2024-10-13,Kevin Hughes,Pretentious film critic,Fantasy,144,19,0.5,False
219,Emerald Sky,'Emerald Sky' delivers a polished and thoughtfully constructed narrative. Its thematic depth is supported by confident direction and a compelling emotional core.,7,2024-10-08,Alex Sawyer,Professional critic,Comedy,161,22,0.7,True
220,The Last Horizon,"I just watched 'The Last Horizon' and honestly, it was pretty good! Not perfect, but definitely worth a watch.",4,2021-06-27,Victor Grey,Casual viewer,Romance,110,19,0.4,False
221,Neon Nights,"Okay sooo 'Neon Nights' was kinda awesome?? Like, not even kidding, I didn’t check my phone once.",3,2023-08-18,Jordan Albright,Teen reviewer,Romance,97,17,0.3,False
222,The Last Horizon,"'The Last Horizon' transcends the pedestrian constraints of mainstream cinema, offering instead a meditation on the fragility of human consciousness.",7,2024-05-19,Rachel Turner,Pretentious film critic,Drama,149,20,0.7,True
223,Galactic Run,'Galactic Run' delivers a polished and thoughtfully constructed narrative. Its thematic depth is supported by confident direction and a compelling emotional core.,6,2022-04-04,Logan Gibson,Professional critic,Sci-Fi,162,22,0.6,False
224,Lost Frequencies,"Okay sooo 'Lost Frequencies' was kinda awesome?? Like, not even kidding, I didn’t check my phone once.",6,2024-05-26,Felix Holloway,Teen reviewer,Thriller,102,17,0.6,False
225,The Last Horizon,"'The Last Horizon' is the cinematic equivalent of eating cold fries—still enjoyable, but you know it could've been better.",4,2023-04-23,Wendy Holloway,Comedy/snarky,Comedy,122,19,0.4,False
226,Emerald Sky,"'Emerald Sky' is the cinematic equivalent of eating cold fries—still enjoyable, but you know it could've been better.",6,2021-05-07,Nina Frost,Comedy/snarky,Comedy,117,18,0.6,False
227,Lost Frequencies,"'Lost Frequencies' is the cinematic equivalent of eating cold fries—still enjoyable, but you know it could've been better.",2,2024-12-13,Alex Hughes,Comedy/snarky,Romance,122,18,0.2,False
228,Crimson Pulse,"'Crimson Pulse' transcends the pedestrian constraints of mainstream cinema, offering instead a meditation on the fragility of human consciousness.",10,2021-11-09,Nina Turner,Pretentious film critic,Thriller,146,19,1.0,True
229,Silent Echoes,"Okay sooo 'Silent Echoes' was kinda awesome?? Like, not even kidding, I didn’t check my phone once.",4,2023-08-16,Alex Grey,Teen reviewer,Comedy,99,17,0.4,False
230,Shadows of Time,"Okay sooo 'Shadows of Time' was kinda awesome?? Like, not even kidding, I didn’t check my phone once.",2,2021-10-21,Ethan Kensington,Teen reviewer,Romance,101,18,0.2,False
231,Broken Memories,Watching 'Broken Memories' felt like staring into the soul of the universe as it begged for redemption.,3,2021-07-11,Rachel Carson,Overly dramatic,Drama,103,17,0.3,False
232,Emerald Sky,"I just watched 'Emerald Sky' and honestly, it was pretty good! Not perfect, but definitely worth a watch.",6,2021-10-21,Jordan Harper,Casual viewer,Romance,105,18,0.6,False
233,The Last Horizon,"I just watched 'The Last Horizon' and honestly, it was pretty good! Not perfect, but definitely worth a watch.",2,2022-01-15,Felix Lowell,Casual viewer,Thriller,110,19,0.2,False
234,Silent Echoes,"Okay sooo 'Silent Echoes' was kinda awesome?? Like, not even kidding, I didn’t check my phone once.",7,2022-01-30,Chloe Harper,Teen reviewer,Comedy,99,17,0.7,True
235,Silent Echoes,"I just watched 'Silent Echoes' and honestly, it was pretty good! Not perfect, but definitely worth a watch.",1,2021-11-15,Paula Kensington,Casual viewer,Fantasy,107,18,0.1,False
236,Broken Memories,"I just watched 'Broken Memories' and honestly, it was pretty good! Not perfect, but definitely worth a watch.",4,2022-04-10,Chloe Santos,Casual viewer,Sci-Fi,109,18,0.4,False
237,Shadows of Time,"'Shadows of Time' transcends the pedestrian constraints of mainstream cinema, offering instead a meditation on the fragility of human consciousness.",9,2022-05-22,Nina Bennett,Pretentious film critic,Comedy,148,20,0.9,True
238,Silent Echoes,Watching 'Silent Echoes' felt like staring into the soul of the universe as it begged for redemption.,9,2021-04-07,Oscar Santos,Overly dramatic,Thriller,101,17,0.9,True
239,Neon Nights,Watching 'Neon Nights' felt like staring into the soul of the universe as it begged for redemption.,5,2024-10-25,Ethan Brooks,Overly dramatic,Drama,99,17,0.5,False
240,Broken Memories,"'Broken Memories' transcends the pedestrian constraints of mainstream cinema, offering instead a meditation on the fragility of human consciousness.",6,2021-06-14,Sofia Brooks,Pretentious film critic,Drama,148,19,0.6,False
241,Shadows of Time,"I just watched 'Shadows of Time' and honestly, it was pretty good! Not perfect, but definitely worth a watch.",10,2022-01-15,Liam Castillo,Casual viewer,Fantasy,109,19,1.0,True
242,Lost Frequencies,"I just watched 'Lost Frequencies' and honestly, it was pretty good! Not perfect, but definitely worth a watch.",1,2024-08-16,Liam Delaney,Casual viewer,Fantasy,110,18,0.1,False
243,Cyber Alley,"'Cyber Alley' transcends the pedestrian constraints of mainstream cinema, offering instead a meditation on the fragility of human consciousness.",2,2024-05-16,Logan Harper,Pretentious film critic,Action,144,19,0.2,False
244,Galactic Run,"'Galactic Run' is the cinematic equivalent of eating cold fries—still enjoyable, but you know it could've been better.",3,2025-01-08,Sam Sawyer,Comedy/snarky,Drama,118,18,0.3,False
245,Galactic Run,"I just watched 'Galactic Run' and honestly, it was pretty good! Not perfect, but definitely worth a watch.",10,2023-05-22,Felix Harper,Casual viewer,Sci-Fi,106,18,1.0,True
246,Silent Echoes,'Silent Echoes' delivers a polished and thoughtfully constructed narrative. Its thematic depth is supported by confident direction and a compelling emotional core.,10,2023-03-29,Maya Castillo,Professional critic,Comedy,163,22,1.0,True
247,Crimson Pulse,'Crimson Pulse' delivers a polished and thoughtfully constructed narrative. Its thematic depth is supported by confident direction and a compelling emotional core.,3,2023-06-20,Chloe Turner,Professional critic,Drama,163,22,0.3,False
248,Lost Frequencies,'Lost Frequencies' delivers a polished and thoughtfully constructed narrative. Its thematic depth is supported by confident direction and a compelling emotional core.,10,2024-03-11,Maya Castillo,Professional critic,Drama,166,22,1.0,True
249,Neon Nights,"I just watched 'Neon Nights' and honestly, it was pretty good! Not perfect, but definitely worth a watch.",2,2023-10-14,Sam Sawyer,Casual viewer,Fantasy,105,18,0.2,False
250,Broken Memories,"'Broken Memories' transcends the pedestrian constraints of mainstream cinema, offering instead a meditation on the fragility of human consciousness.",6,2022-08-12,Liam Lowell,Pretentious film critic,Fantasy,148,19,0.6,False
251,Galactic Run,"Okay sooo 'Galactic Run' was kinda awesome?? Like, not even kidding, I didn’t check my phone once.",6,2021-07-02,Sam Santos,Teen reviewer,Sci-Fi,98,17,0.6,False
252,Shadows of Time,'Shadows of Time' delivers a polished and thoughtfully constructed narrative. Its thematic depth is supported by confident direction and a compelling emotional core.,10,2021-04-09,Logan Rivers,Professional critic,Fantasy,165,23,1.0,True
253,Galactic Run,"'Galactic Run' is the cinematic equivalent of eating cold fries—still enjoyable, but you know it could've been better.",5,2022-04-20,Oscar Lowell,Comedy/snarky,Action,118,18,0.5,False
254,Broken Memories,"I just watched 'Broken Memories' and honestly, it was pretty good! Not perfect, but definitely worth a watch.",10,2024-09-13,Irene Kensington,Casual viewer,Fantasy,109,18,1.0,True
255,Silent Echoes,"'Silent Echoes' transcends the pedestrian constraints of mainstream cinema, offering instead a meditation on the fragility of human consciousness.",7,2023-02-27,Logan Brooks,Pretentious film critic,Sci-Fi,146,19,0.7,True
256,Neon Nights,"'Neon Nights' is the cinematic equivalent of eating cold fries—still enjoyable, but you know it could've been better.",1,2024-07-03,Victor Castillo,Comedy/snarky,Action,117,18,0.1,False
257,Shadows of Time,"Okay sooo 'Shadows of Time' was kinda awesome?? Like, not even kidding, I didn’t check my phone once.",5,2022-09-16,Wendy Gibson,Teen reviewer,Fantasy,101,18,0.5,False
258,Neon Nights,"'Neon Nights' is the cinematic equivalent of eating cold fries—still enjoyable, but you know it could've been better.",9,2024-10-27,Marina Sawyer,Comedy/snarky,Drama,117,18,0.9,True
259,Lost Frequencies,"I just watched 'Lost Frequencies' and honestly, it was pretty good! Not perfect, but definitely worth a watch.",8,2024-03-21,Alex Sawyer,Casual viewer,Sci-Fi,110,18,0.8,True
260,Shadows of Time,"'Shadows of Time' is the cinematic equivalent of eating cold fries—still enjoyable, but you know it could've been better.",5,2024-09-21,Wendy Sawyer,Comedy/snarky,Action,121,19,0.5,False
261,Broken Memories,"Okay sooo 'Broken Memories' was kinda awesome?? Like, not even kidding, I didn’t check my phone once.",2,2023-04-14,Sofia Holloway,Teen reviewer,Action,101,17,0.2,False
262,Silent Echoes,"Okay sooo 'Silent Echoes' was kinda awesome?? Like, not even kidding, I didn’t check my phone once.",7,2021-01-18,Oscar Albright,Teen reviewer,Comedy,99,17,0.7,True
263,Galactic Run,"'Galactic Run' transcends the pedestrian constraints of mainstream cinema, offering instead a meditation on the fragility of human consciousness.",1,2024-10-30,Marina Kensington,Pretentious film critic,Thriller,145,19,0.1,False
264,Cyber Alley,"I just watched 'Cyber Alley' and honestly, it was pretty good! Not perfect, but definitely worth a watch.",7,2022-03-02,Sam Gibson,Casual viewer,Comedy,105,18,0.7,True
265,Silent Echoes,"I just watched 'Silent Echoes' and honestly, it was pretty good! Not perfect, but definitely worth a watch.",7,2024-11-29,Felix Reeves,Casual viewer,Thriller,107,18,0.7,True
266,Silent Echoes,'Silent Echoes' delivers a polished and thoughtfully constructed narrative. Its thematic depth is supported by confident direction and a compelling emotional core.,10,2024-08-23,Liam Lowell,Professional critic,Comedy,163,22,1.0,True
267,Crimson Pulse,"I just watched 'Crimson Pulse' and honestly, it was pretty good! Not perfect, but definitely worth a watch.",5,2023-09-09,Victor Rivers,Casual viewer,Comedy,107,18,0.5,False
268,Lost Frequencies,"'Lost Frequencies' is the cinematic equivalent of eating cold fries—still enjoyable, but you know it could've been better.",6,2021-06-02,Wendy Grey,Comedy/snarky,Action,122,18,0.6,False
269,Cyber Alley,"I just watched 'Cyber Alley' and honestly, it was pretty good! Not perfect, but definitely worth a watch.",5,2021-02-07,Irene Grey,Casual viewer,Comedy,105,18,0.5,False
270,Emerald Sky,Watching 'Emerald Sky' felt like staring into the soul of the universe as it begged for redemption.,9,2022-11-18,Maya Turner,Overly dramatic,Romance,99,17,0.9,True
271,Crimson Pulse,"Okay sooo 'Crimson Pulse' was kinda awesome?? Like, not even kidding, I didn’t check my phone once.",10,2021-09-07,Liam Rivers,Teen reviewer,Comedy,99,17,1.0,True
272,Lost Frequencies,"'Lost Frequencies' is the cinematic equivalent of eating cold fries—still enjoyable, but you know it could've been better.",7,2022-11-25,Ethan Bennett,Comedy/snarky,Action,122,18,0.7,True
273,Lost Frequencies,"'Lost Frequencies' transcends the pedestrian constraints of mainstream cinema, offering instead a meditation on the fragility of human consciousness.",6,2024-11-29,Maya Hughes,Pretentious film critic,Fantasy,149,19,0.6,False
274,Broken Memories,"Okay sooo 'Broken Memories' was kinda awesome?? Like, not even kidding, I didn’t check my phone once.",5,2023-06-13,Maya Reeves,Teen reviewer,Action,101,17,0.5,False
275,Neon Nights,Watching 'Neon Nights' felt like staring into the soul of the universe as it begged for redemption.,1,2024-09-19,Oscar Stone,Overly dramatic,Drama,99,17,0.1,False
276,The Last Horizon,Watching 'The Last Horizon' felt like staring into the soul of the universe as it begged for redemption.,1,2021-03-04,Alex Lowell,Overly dramatic,Sci-Fi,104,18,0.1,False
277,Lost Frequencies,"'Lost Frequencies' is the cinematic equivalent of eating cold fries—still enjoyable, but you know it could've been better.",6,2024-02-21,Paula Albright,Comedy/snarky,Thriller,122,18,0.6,False
278,Silent Echoes,"Okay sooo 'Silent Echoes' was kinda awesome?? Like, not even kidding, I didn’t check my phone once.",8,2022-04-14,Marina Lowell,Teen reviewer,Drama,99,17,0.8,True
279,Neon Nights,'Neon Nights' delivers a polished and thoughtfully constructed narrative. Its thematic depth is supported by confident direction and a compelling emotional core.,1,2024-07-07,Paula Bennett,Professional critic,Fantasy,161,22,0.1,False
280,Emerald Sky,Watching 'Emerald Sky' felt like staring into the soul of the universe as it begged for redemption.,5,2022-05-12,Marina Albright,Overly dramatic,Drama,99,17,0.5,False
281,The Last Horizon,"I just watched 'The Last Horizon' and honestly, it was pretty good! Not perfect, but definitely worth a watch.",6,2021-07-08,Wendy Carson,Casual viewer,Sci-Fi,110,19,0.6,False
282,Galactic Run,"'Galactic Run' transcends the pedestrian constraints of mainstream cinema, offering instead a meditation on the fragility of human consciousness.",9,2022-05-04,Sam Stone,Pretentious film critic,Thriller,145,19,0.9,True
283,Crimson Pulse,'Crimson Pulse' delivers a polished and thoughtfully constructed narrative. Its thematic depth is supported by confident direction and a compelling emotional core.,6,2022-12-16,Liam Lowell,Professional critic,Romance,163,22,0.6,False
284,The Last Horizon,Watching 'The Last Horizon' felt like staring into the soul of the universe as it begged for redemption.,6,2023-10-05,Sam Rivers,Overly dramatic,Thriller,104,18,0.6,False
285,The Last Horizon,'The Last Horizon' delivers a polished and thoughtfully constructed narrative. Its thematic depth is supported by confident direction and a compelling emotional core.,7,2025-01-19,Oscar Albright,Professional critic,Romance,166,23,0.7,True
286,Shadows of Time,Watching 'Shadows of Time' felt like staring into the soul of the universe as it begged for redemption.,9,2024-04-15,Irene Grey,Overly dramatic,Fantasy,103,18,0.9,True
287,Crimson Pulse,Watching 'Crimson Pulse' felt like staring into the soul of the universe as it begged for redemption.,3,2021-06-23,Victor Lowell,Overly dramatic,Sci-Fi,101,17,0.3,False
288,Neon Nights,"'Neon Nights' is the cinematic equivalent of eating cold fries—still enjoyable, but you know it could've been better.",5,2022-05-31,Felix Reeves,Comedy/snarky,Drama,117,18,0.5,False
289,Crimson Pulse,'Crimson Pulse' delivers a polished and thoughtfully constructed narrative. Its thematic depth is supported by confident direction and a compelling emotional core.,4,2023-08-15,Irene Bennett,Professional critic,Action,163,22,0.4,False
290,The Last Horizon,"Okay sooo 'The Last Horizon' was kinda awesome?? Like, not even kidding, I didn’t check my phone once.",10,2025-01-23,Logan Rivers,Teen reviewer,Drama,102,18,1.0,True
291,Silent Echoes,Watching 'Silent Echoes' felt like staring into the soul of the universe as it begged for redemption.,4,2022-10-22,Felix Delaney,Overly dramatic,Comedy,101,17,0.4,False
292,Lost Frequencies,"I just watched 'Lost Frequencies' and honestly, it was pretty good! Not perfect, but definitely worth a watch.",8,2023-10-16,Kevin Holloway,Casual viewer,Comedy,110,18,0.8,True
293,Silent Echoes,"'Silent Echoes' transcends the pedestrian constraints of mainstream cinema, offering instead a meditation on the fragility of human consciousness.",9,2022-02-18,Irene Gibson,Pretentious film critic,Drama,146,19,0.9,True
294,Cyber Alley,"'Cyber Alley' transcends the pedestrian constraints of mainstream cinema, offering instead a meditation on the fragility of human consciousness.",5,2023-03-16,Sam Lowell,Pretentious film critic,Drama,144,19,0.5,False
295,Cyber Alley,"Okay sooo 'Cyber Alley' was kinda awesome?? Like, not even kidding, I didn’t check my phone once.",7,2021-08-12,Rachel Frost,Teen reviewer,Thriller,97,17,0.7,True
296,Galactic Run,"I just watched 'Galactic Run' and honestly, it was pretty good! Not perfect, but definitely worth a watch.",9,2024-08-08,Victor Turner,Casual viewer,Sci-Fi,106,18,0.9,True
297,Neon Nights,"I just watched 'Neon Nights' and honestly, it was pretty good! Not perfect, but definitely worth a watch.",6,2022-08-18,Sofia Stone,Casual viewer,Drama,105,18,0.6,False
298,The Last Horizon,'The Last Horizon' delivers a polished and thoughtfully constructed narrative. Its thematic depth is supported by confident direction and a compelling emotional core.,1,2021-09-09,Alex Bennett,Professional critic,Sci-Fi,166,23,0.1,False
299,Lost Frequencies,'Lost Frequencies' delivers a polished and thoughtfully constructed narrative. Its thematic depth is supported by confident direction and a compelling emotional core.,8,2021-02-22,Liam Kensington,Professional critic,Thriller,166,22,0.8,True
300,Silent Echoes,"I just watched 'Silent Echoes' and honestly, it was pretty good! Not perfect, but definitely worth a watch.",3,2022-11-06,Sofia Bennett,Casual viewer,Drama,107,18,0.3,False
